CaseID;Activity;Resource1;Resource2;Start;Duration;End;FinCase;FinEvent;FinRes
1;A1;R7;R1;01/13/2000 12:33:00;06:00:56.3990000;01/13/2000 18:33:56;10001;11;16
1;A1;R1;R7;01/13/2000 19:11:57;02:00:42.8480000;01/13/2000 21:12:40;10001;11;10
1;A1;R1;R1;01/13/2000 21:12:43;04:59:04.3210000;01/14/2000 02:11:47;10001;11;10
1;A2;R3;R3;01/14/2000 03:11:51;00:52:28.9220000;01/14/2000 04:04:20;10001;12;12
1;A1;R1;R7;01/14/2000 04:04:24;05:02:47.8720000;01/14/2000 09:07:12;10001;11;10
1;A1;R7;R1;01/14/2000 10:07:18;06:28:49.0260000;01/14/2000 16:36:07;10001;11;16
1;A1;R7;R1;01/14/2000 17:36:13;05:08:07.0290000;01/14/2000 22:44:20;10001;11;16
1;A1;R7;R1;01/14/2000 22:44:28;05:40:45.8860000;01/15/2000 04:25:14;10001;11;16
1;A2;R7;R3;01/15/2000 05:25:23;00:46:45.4250000;01/15/2000 06:12:08;10001;12;16
1;A1;R1;R7;01/15/2000 06:12:18;06:44:32.1250000;01/15/2000 12:56:50;10001;11;10
1;A2;R4;R3;01/15/2000 13:57:00;05:33:07.7180000;01/15/2000 19:30:08;10001;12;13
1;A2;R2;R7;01/15/2000 19:30:19;03:48:03.1390000;01/15/2000 23:18:22;10001;12;11
1;A2;R2;R2;01/15/2000 23:18:35;03:18:10.0340000;01/16/2000 02:36:45;10001;12;11
1;A1;R7;R1;01/16/2000 03:36:58;05:25:51.1410000;01/16/2000 09:02:49;10001;11;16
1;A2;R2;R2;01/16/2000 10:03:04;01:21:32.1720000;01/16/2000 11:24:36;10001;12;11
1;A1;R1;R1;01/16/2000 11:24:52;05:05:07.8540000;01/16/2000 16:30:00;10001;11;10
1;A2;R7;R2;01/16/2000 16:30:04;04:55:11.7020000;01/16/2000 21:25:15;10001;12;16
2;A1;R1;R1;04/03/2000 17:46:00;02:11:34.0920000;04/03/2000 19:57:34;10002;11;10
2;A1;R1;R1;04/03/2000 22:01:52;07:41:22.4780000;04/04/2000 05:43:14;10002;11;10
2;A1;R1;R7;04/04/2000 05:43:34;05:31:55.2130000;04/04/2000 11:15:29;10002;11;10
2;A1;R7;R1;04/04/2000 12:15:50;07:43:11.1930000;04/04/2000 19:59:01;10002;11;16
2;A2;R4;R7;04/04/2000 20:59:23;01:24:09.6880000;04/04/2000 22:23:32;10002;12;13
2;A1;R1;R1;04/04/2000 23:23:55;06:33:55.2230000;04/05/2000 05:57:50;10002;11;10
2;A1;R7;R7;04/05/2000 06:58:13;04:11:54.2520000;04/05/2000 11:10:08;10002;11;16
2;A1;R1;R1;04/05/2000 11:10:32;05:42:46.4200000;04/05/2000 16:53:19;10002;11;10
2;A1;R1;R1;04/05/2000 16:53:44;05:47:08.4660000;04/05/2000 22:40:52;10002;11;10
2;A1;R1;R1;04/05/2000 23:41:18;05:09:44.1450000;04/06/2000 04:51:02;10002;11;10
2;A2;R3;R3;04/06/2000 05:51:30;06:37:36.8320000;04/06/2000 12:29:07;10002;12;12
2;A1;R1;R1;04/06/2000 13:29:35;00:14:47.1470000;04/06/2000 13:44:22;10002;11;10
2;A1;R7;R1;04/06/2000 13:44:52;05:03:33.5840000;04/06/2000 18:48:25;10002;11;16
2;A1;R1;R1;04/06/2000 19:48:56;05:52:38.8250000;04/07/2000 01:41:34;10002;11;10
2;A2;R2;R2;04/07/2000 01:42:27;02:25:12.2150000;04/07/2000 04:07:40;10002;12;11
3;A1;R1;R1;07/08/2000 23:53:00;01:56:59.3980000;07/09/2000 01:49:59;10003;11;10
3;A2;R3;R7;07/09/2000 03:54:32;04:06:45.8530000;07/09/2000 08:01:18;10003;12;12
3;A1;R7;R1;07/09/2000 08:01:52;02:16:11.9060000;07/09/2000 10:18:04;10003;11;16
3;A1;R1;R1;07/09/2000 10:18:39;06:44:30.9730000;07/09/2000 17:03:10;10003;11;10
3;A2;R4;R4;07/09/2000 18:03:47;05:23:49.9930000;07/09/2000 23:27:37;10003;12;13
3;A1;R1;R1;07/10/2000 00:28:14;07:41:59.3390000;07/10/2000 08:10:13;10003;11;10
3;A1;R1;R7;07/10/2000 08:10:52;01:09:05.8790000;07/10/2000 09:19:58;10003;11;10
3;A2;R2;R3;07/10/2000 09:20:37;06:29:47.3800000;07/10/2000 15:50:24;10003;12;11
3;A2;R2;R4;07/10/2000 15:51:05;04:03:34.3170000;07/10/2000 19:54:39;10003;12;11
3;A2;R3;R2;07/10/2000 19:55:20;07:27:13.3490000;07/11/2000 03:22:34;10003;12;12
3;A1;R1;R1;07/11/2000 03:23:17;02:18:33.7180000;07/11/2000 05:41:50;10003;11;10
3;A1;R1;R1;07/11/2000 06:42:33;07:35:13.4850000;07/11/2000 14:17:47;10003;11;10
3;A2;R7;R7;07/11/2000 14:18:31;01:12:27.8680000;07/11/2000 15:30:59;10003;12;16
3;A2;R7;R3;07/11/2000 16:32:19;04:14:52.8680000;07/11/2000 20:47:12;10003;12;16
4;A1;R1;R1;03/12/2000 12:02:00;01:12:25.5250000;03/12/2000 13:14:25;10004;11;10
4;A1;R1;R1;03/12/2000 16:13:12;00:47:30.9010000;03/12/2000 17:00:43;10004;11;10
4;A1;R1;R1;03/12/2000 17:01:31;03:35:17.4770000;03/12/2000 20:36:49;10004;11;10
4;A2;R7;R4;03/12/2000 20:37:38;07:06:54.3570000;03/13/2000 03:44:33;10004;12;16
4;A1;R1;R1;03/13/2000 03:45:23;02:20:25.7140000;03/13/2000 06:05:49;10004;11;10
4;A1;R1;R1;03/13/2000 07:06:40;04:14:21.0900000;03/13/2000 11:21:01;10004;11;10
4;A2;R7;R2;03/13/2000 12:21:54;02:00:06.4440000;03/13/2000 14:22:01;10004;12;16
4;A1;R7;R1;03/13/2000 14:22:54;05:06:27.8740000;03/13/2000 19:29:22;10004;11;16
4;A1;R7;R1;03/13/2000 20:30:16;03:27:01.8370000;03/13/2000 23:57:18;10004;11;16
4;A1;R1;R7;03/14/2000 00:58:13;06:12:41.5100000;03/14/2000 07:10:55;10004;11;10
4;A1;R1;R7;03/14/2000 08:11:51;04:51:43.1150000;03/14/2000 13:03:34;10004;11;10
4;A1;R1;R1;03/14/2000 14:04:32;07:23:04.7130000;03/14/2000 21:27:36;10004;11;10
4;A2;R3;R3;03/14/2000 21:28:35;02:28:23.2910000;03/14/2000 23:56:58;10004;12;12
4;A2;R3;R7;03/14/2000 23:56:59;04:30:25.2410000;03/15/2000 04:27:24;10004;12;12
5;A1;R1;R1;01/07/2000 20:31:00;03:17:20.7790000;01/07/2000 23:48:20;10005;11;10
5;A1;R1;R7;01/08/2000 01:10:22;02:45:12.0960000;01/08/2000 03:55:34;10005;11;10
5;A1;R7;R1;01/08/2000 04:56:36;03:30:49.4480000;01/08/2000 08:27:26;10005;11;16
5;A2;R4;R3;01/08/2000 09:28:30;00:09:03.9090000;01/08/2000 09:37:34;10005;12;13
5;A1;R1;R1;01/08/2000 09:38:38;07:53:43.3990000;01/08/2000 17:32:21;10005;11;10
5;A2;R7;R7;01/08/2000 18:33:27;02:39:39.4460000;01/08/2000 21:13:06;10005;12;16
5;A1;R7;R1;01/08/2000 21:14:13;07:44:32.1030000;01/09/2000 04:58:45;10005;11;16
5;A1;R1;R1;01/09/2000 05:59:52;07:21:00.8490000;01/09/2000 13:20:53;10005;11;10
5;A2;R4;R2;01/09/2000 13:22:01;03:16:08.9520000;01/09/2000 16:38:10;10005;12;13
5;A2;R2;R4;01/09/2000 16:39:20;04:56:18.3460000;01/09/2000 21:35:38;10005;12;11
5;A1;R1;R1;01/09/2000 22:36:49;05:53:26.3060000;01/10/2000 04:30:15;10005;11;10
5;A1;R7;R1;01/10/2000 05:31:27;07:28:17.1430000;01/10/2000 12:59:44;10005;11;16
5;A2;R2;R2;01/10/2000 13:00:56;03:39:35.9390000;01/10/2000 16:40:32;10005;12;11
5;A1;R7;R1;01/10/2000 16:41:45;05:05:00.8290000;01/10/2000 21:46:46;10005;11;16
5;A1;R1;R1;01/10/2000 22:48:00;03:00:02.8410000;01/11/2000 01:48:03;10005;11;10
5;A2;R7;R3;01/11/2000 02:49:19;05:48:48.7100000;01/11/2000 08:38:08;10005;12;16
5;A1;R1;R1;01/11/2000 09:39:24;02:11:19.6670000;01/11/2000 11:50:44;10005;11;10
5;A1;R1;R1;01/11/2000 12:52:01;04:50:27.1790000;01/11/2000 17:42:28;10005;11;10
5;A2;R3;R4;01/11/2000 17:43:46;07:30:38.5870000;01/12/2000 01:14:25;10005;12;12
5;A2;R2;R3;01/12/2000 01:15:44;01:56:23.5480000;01/12/2000 03:12:08;10005;12;11
5;A2;R3;R3;01/12/2000 04:13:28;06:22:35.2700000;01/12/2000 10:36:03;10005;12;12
5;A2;R4;R2;01/12/2000 11:36:09;07:38:19.6850000;01/12/2000 19:14:29;10005;12;13
6;A1;R1;R7;02/07/2000 15:26:00;00:33:50.2270000;02/07/2000 15:59:50;10006;11;10
6;A1;R1;R1;02/07/2000 18:29:13;05:29:56.1130000;02/07/2000 23:59:10;10006;11;10
6;A1;R1;R1;02/08/2000 00:00:34;02:05:13.0050000;02/08/2000 02:05:47;10006;11;10
6;A1;R1;R1;02/08/2000 03:07:12;06:05:39.9560000;02/08/2000 09:12:52;10006;11;10
6;A2;R2;R7;02/08/2000 09:14:18;00:22:09.6010000;02/08/2000 09:36:28;10006;12;11
6;A1;R7;R1;02/08/2000 10:37:55;05:46:02.0590000;02/08/2000 16:23:57;10006;11;16
6;A1;R1;R1;02/08/2000 16:25:25;05:56:44.1490000;02/08/2000 22:22:09;10006;11;10
6;A1;R1;R1;02/08/2000 23:23:39;07:23:14.7340000;02/09/2000 06:46:54;10006;11;10
6;A1;R1;R7;02/09/2000 06:48:24;04:08:59.9730000;02/09/2000 10:57:24;10006;11;10
6;A1;R1;R1;02/09/2000 10:58:56;00:33:05.8240000;02/09/2000 11:32:01;10006;11;10
6;A2;R7;R7;02/09/2000 11:33:34;06:24:07.6080000;02/09/2000 17:57:41;10006;12;16
6;A1;R1;R1;02/09/2000 18:59:15;03:30:01.8820000;02/09/2000 22:29:16;10006;11;10
6;A1;R7;R7;02/09/2000 23:30:51;06:13:46.4930000;02/10/2000 05:44:37;10006;11;16
6;A1;R1;R1;02/10/2000 05:46:13;00:13:35.4830000;02/10/2000 05:59:48;10006;11;10
6;A2;R2;R4;02/10/2000 06:01:35;01:57:56.8440000;02/10/2000 07:59:32;10006;12;11
7;A1;R1;R7;10/15/2000 20:41:00;04:13:10.4790000;10/16/2000 00:54:10;10007;11;10
7;A2;R7;R3;10/16/2000 01:35:49;04:33:10.5560000;10/16/2000 06:08:59;10007;12;16
7;A1;R1;R1;10/16/2000 07:10:38;01:37:02.4830000;10/16/2000 08:47:41;10007;11;10
7;A1;R1;R1;10/16/2000 08:49:21;06:19:43.2290000;10/16/2000 15:09:04;10007;11;10
7;A2;R2;R4;10/16/2000 16:10:46;05:36:25.1000000;10/16/2000 21:47:11;10007;12;11
7;A2;R7;R4;10/16/2000 22:48:53;07:33:36.6220000;10/17/2000 06:22:30;10007;12;16
7;A1;R1;R1;10/17/2000 06:24:14;05:51:05.9600000;10/17/2000 12:15:20;10007;11;10
7;A1;R1;R7;10/17/2000 13:17:04;06:22:11.5830000;10/17/2000 19:39:16;10007;11;10
7;A1;R7;R7;10/17/2000 19:41:01;00:22:31.0610000;10/17/2000 20:03:32;10007;11;16
7;A1;R1;R1;10/17/2000 21:05:19;02:36:03.6490000;10/17/2000 23:41:22;10007;11;10
7;A1;R7;R1;10/18/2000 00:43:10;00:46:08.0620000;10/18/2000 01:29:18;10007;11;16
7;A2;R2;R4;10/18/2000 01:31:06;06:18:29.1990000;10/18/2000 07:49:35;10007;12;11
7;A2;R2;R4;10/18/2000 07:51:25;04:55:43.2010000;10/18/2000 12:47:08;10007;12;11
7;A1;R1;R1;10/18/2000 12:48:58;00:44:53.4460000;10/18/2000 13:33:52;10007;11;10
7;A1;R1;R1;10/18/2000 14:35:43;07:56:50.4290000;10/18/2000 22:32:34;10007;11;10
7;A1;R7;R1;10/18/2000 22:34:26;06:57:42.9820000;10/19/2000 05:32:09;10007;11;16
7;A1;R7;R1;10/19/2000 05:34:02;05:47:36.5430000;10/19/2000 11:21:39;10007;11;16
7;A2;R7;R2;10/19/2000 11:23:33;05:57:43.1010000;10/19/2000 17:21:16;10007;12;16
7;A1;R1;R1;10/19/2000 18:23:12;05:52:33.4060000;10/20/2000 00:15:45;10007;11;10
7;A1;R1;R1;10/20/2000 00:17:42;03:11:49.8690000;10/20/2000 03:29:31;10007;11;10
7;A2;R7;R3;10/20/2000 03:30:06;05:17:48.4760000;10/20/2000 08:47:54;10007;12;16
8;A1;R1;R1;10/07/2000 00:26:00;00:54:46.6890000;10/07/2000 01:20:46;10008;11;10
8;A2;R2;R2;10/07/2000 04:06:46;00:20:19.0330000;10/07/2000 04:27:05;10008;12;11
8;A1;R1;R7;10/07/2000 05:29:05;07:20:01.5590000;10/07/2000 12:49:06;10008;11;10
8;A1;R1;R7;10/07/2000 12:51:08;04:46:46.9240000;10/07/2000 17:37:55;10008;11;10
8;A2;R4;R7;10/07/2000 18:39:57;05:27:39.2930000;10/08/2000 00:07:37;10008;12;13
8;A1;R1;R7;10/08/2000 00:09:40;04:28:18.2620000;10/08/2000 04:37:58;10008;11;10
8;A1;R1;R1;10/08/2000 05:40:02;00:13:01.3750000;10/08/2000 05:53:04;10008;11;10
8;A2;R2;R4;10/08/2000 06:55:09;07:13:16.1330000;10/08/2000 14:08:25;10008;12;11
8;A2;R4;R2;10/08/2000 14:10:32;00:04:24.3090000;10/08/2000 14:14:56;10008;12;13
8;A2;R2;R7;10/08/2000 14:17:04;00:11:59.1390000;10/08/2000 14:29:03;10008;12;11
8;A1;R1;R1;10/08/2000 14:31:11;01:49:13.9980000;10/08/2000 16:20:25;10008;11;10
8;A1;R1;R7;10/08/2000 16:22:34;06:35:31.1900000;10/08/2000 22:58:05;10008;11;10
8;A2;R2;R2;10/09/2000 00:00:16;07:01:57.4550000;10/09/2000 07:02:13;10008;12;11
8;A2;R7;R2;10/09/2000 07:03:08;03:35:33.5610000;10/09/2000 10:38:41;10008;12;16
9;A1;R1;R1;12/28/2000 10:52:00;04:17:47.1530000;12/28/2000 15:09:47;10009;11;10
9;A1;R1;R1;12/28/2000 16:07:00;06:13:48.1780000;12/28/2000 22:20:48;10009;11;10
9;A1;R1;R1;12/28/2000 22:23:02;07:04:47.9830000;12/29/2000 05:27:50;10009;11;10
9;A2;R3;R7;12/29/2000 06:30:05;05:23:22.9910000;12/29/2000 11:53:28;10009;12;12
9;A1;R1;R1;12/29/2000 12:55:45;04:03:18.0840000;12/29/2000 16:59:03;10009;11;10
9;A1;R7;R1;12/29/2000 17:01:20;04:45:17.0870000;12/29/2000 21:46:37;10009;11;16
9;A1;R1;R1;12/29/2000 21:48:55;04:27:17.7380000;12/30/2000 02:16:13;10009;11;10
9;A1;R1;R7;12/30/2000 02:18:33;00:39:26.9770000;12/30/2000 02:58:00;10009;11;10
9;A2;R3;R3;12/30/2000 04:00:20;02:03:24.1740000;12/30/2000 06:03:44;10009;12;12
9;A1;R1;R1;12/30/2000 07:06:06;04:58:01.0670000;12/30/2000 12:04:07;10009;11;10
9;A2;R3;R2;12/30/2000 12:06:29;03:49:56.5480000;12/30/2000 15:56:26;10009;12;12
9;A2;R2;R4;12/30/2000 15:58:49;01:01:31.5610000;12/30/2000 17:00:21;10009;12;11
9;A2;R4;R2;12/30/2000 17:02:45;07:35:09.7560000;12/31/2000 00:37:55;10009;12;13
9;A1;R1;R7;12/31/2000 00:40:21;03:47:28.2670000;12/31/2000 04:27:49;10009;11;10
9;A2;R2;R4;12/31/2000 05:30:15;02:11:24.8130000;12/31/2000 07:41:40;10009;12;11
9;A1;R7;R7;12/31/2000 07:44:07;07:28:08.8250000;12/31/2000 15:12:16;10009;11;16
9;A2;R2;R7;12/31/2000 16:14:12;01:30:27.0010000;12/31/2000 17:44:39;10009;12;11
10;A1;R1;R7;02/05/2000 14:36:00;00:27:33.3020000;02/05/2000 15:03:33;10010;11;10
10;A1;R7;R1;02/05/2000 16:15:03;06:38:39.7450000;02/05/2000 22:53:43;10010;11;16
10;A1;R1;R1;02/05/2000 23:56:14;02:11:28.6520000;02/06/2000 02:07:43;10010;11;10
10;A2;R2;R7;02/06/2000 02:10:15;01:15:47.7790000;02/06/2000 03:26:03;10010;12;11
10;A1;R1;R1;02/06/2000 04:28:36;00:00:00.7390000;02/06/2000 04:28:37;10010;11;10
10;A1;R1;R1;02/06/2000 04:31:11;06:09:50.7220000;02/06/2000 10:41:02;10010;11;10
10;A1;R1;R1;02/06/2000 11:43:37;01:21:56.8000000;02/06/2000 13:05:34;10010;11;10
10;A1;R1;R1;02/06/2000 13:08:10;03:28:48.9990000;02/06/2000 16:36:59;10010;11;10
10;A2;R3;R2;02/06/2000 16:39:37;03:16:20.7220000;02/06/2000 19:55:58;10010;12;12
10;A1;R1;R1;02/06/2000 19:58:36;06:00:41.9340000;02/07/2000 01:59:18;10010;11;10
10;A2;R7;R7;02/07/2000 03:01:58;06:32:16.2270000;02/07/2000 09:34:14;10010;12;16
10;A2;R7;R3;02/07/2000 09:36:54;02:29:00.9190000;02/07/2000 12:05:55;10010;12;16
10;A2;R3;R2;02/07/2000 12:08:37;02:29:34.8670000;02/07/2000 14:38:11;10010;12;12
10;A1;R1;R1;02/07/2000 14:40:54;05:31:21.1800000;02/07/2000 20:12:15;10010;11;10
10;A2;R3;R2;02/07/2000 20:14:58;03:15:13.1830000;02/07/2000 23:30:11;10010;12;12
10;A1;R1;R1;02/07/2000 23:32:56;04:00:43.3640000;02/08/2000 03:33:39;10010;11;10
10;A2;R4;R2;02/08/2000 04:34:06;04:06:33.0640000;02/08/2000 08:40:39;10010;12;13
11;A1;R7;R7;04/04/2000 21:47:00;04:16:14.2870000;04/05/2000 02:03:14;10011;11;16
11;A1;R7;R1;04/05/2000 03:53:01;01:48:38.8400000;04/05/2000 05:41:40;10011;11;16
11;A1;R1;R7;04/05/2000 06:44:28;00:55:50.1820000;04/05/2000 07:40:19;10011;11;10
11;A2;R2;R3;04/05/2000 07:43:08;00:14:40.6900000;04/05/2000 07:57:48;10011;12;11
11;A1;R1;R7;04/05/2000 08:00:38;06:18:13.7900000;04/05/2000 14:18:52;10011;11;10
11;A1;R1;R1;04/05/2000 14:21:44;07:54:19.1670000;04/05/2000 22:16:03;10011;11;10
11;A2;R7;R2;04/05/2000 22:18:55;06:25:41.3670000;04/06/2000 04:44:37;10011;12;16
11;A2;R4;R3;04/06/2000 05:47:31;02:56:23.8370000;04/06/2000 08:43:54;10011;12;13
11;A2;R3;R2;04/06/2000 08:46:49;06:45:17.7690000;04/06/2000 15:32:06;10011;12;12
11;A1;R1;R7;04/06/2000 16:35:01;01:43:52.0350000;04/06/2000 18:18:53;10011;11;10
11;A2;R4;R2;04/06/2000 18:21:50;00:11:07.1620000;04/06/2000 18:32:57;10011;12;13
11;A2;R7;R2;04/06/2000 18:36:12;01:44:51.0890000;04/06/2000 20:21:03;10011;12;16
12;A1;R1;R7;11/12/2000 11:10:00;03:56:55.4360000;11/12/2000 15:06:55;10012;11;10
12;A1;R1;R1;11/12/2000 15:46:55;00:04:46.0240000;11/12/2000 15:51:41;10012;11;10
12;A2;R2;R4;11/12/2000 16:54:41;02:13:10.7970000;11/12/2000 19:07:52;10012;12;11
12;A2;R2;R4;11/12/2000 19:10:53;00:52:43.3390000;11/12/2000 20:03:36;10012;12;11
12;A1;R1;R1;11/12/2000 20:06:39;02:50:59.5380000;11/12/2000 22:57:38;10012;11;10
12;A1;R7;R1;11/12/2000 23:00:42;07:55:50.6350000;11/13/2000 06:56:33;10012;11;16
12;A1;R1;R1;11/13/2000 06:59:37;03:12:03.5150000;11/13/2000 10:11:41;10012;11;10
12;A2;R2;R7;11/13/2000 11:14:46;05:19:55.5070000;11/13/2000 16:34:41;10012;12;11
12;A2;R2;R3;11/13/2000 16:37:48;05:19:37.3500000;11/13/2000 21:57:25;10012;12;11
12;A1;R1;R1;11/13/2000 23:00:32;00:04:48.4540000;11/13/2000 23:05:21;10012;11;10
12;A2;R2;R7;11/14/2000 00:08:29;04:32:29.5400000;11/14/2000 04:40:59;10012;12;11
12;A1;R1;R1;11/14/2000 04:44:08;06:07:02.9830000;11/14/2000 10:51:11;10012;11;10
12;A2;R3;R4;11/14/2000 10:54:24;00:31:59.2810000;11/14/2000 11:26:23;10012;12;12
13;A1;R1;R7;03/11/2000 23:08:00;04:46:02.0080000;03/12/2000 03:54:02;10013;11;10
13;A2;R2;R2;03/12/2000 05:01:14;00:43:23.5540000;03/12/2000 05:44:37;10013;12;11
13;A1;R1;R1;03/12/2000 06:47:50;00:04:17.5970000;03/12/2000 06:52:08;10013;11;10
13;A1;R1;R1;03/12/2000 06:55:22;00:39:32.9100000;03/12/2000 07:34:55;10013;11;10
13;A2;R7;R4;03/12/2000 08:38:10;07:21:41.6180000;03/12/2000 15:59:52;10013;12;16
13;A1;R1;R1;03/12/2000 16:03:08;02:33:17.2910000;03/12/2000 18:36:25;10013;11;10
13;A1;R7;R7;03/12/2000 18:39:43;03:15:26.7480000;03/12/2000 21:55:09;10013;11;16
13;A2;R7;R3;03/12/2000 21:58:28;03:59:19.7580000;03/13/2000 01:57:47;10013;12;16
13;A2;R2;R2;03/13/2000 02:01:07;01:39:11.3540000;03/13/2000 03:40:18;10013;12;11
13;A2;R2;R2;03/13/2000 04:43:38;02:02:51.9140000;03/13/2000 06:46:30;10013;12;11
13;A1;R1;R1;03/13/2000 07:49:52;06:12:17.2500000;03/13/2000 14:02:09;10013;11;10
13;A1;R7;R1;03/13/2000 15:05:32;05:14:48.8210000;03/13/2000 20:20:21;10013;11;16
13;A2;R2;R3;03/13/2000 20:23:44;06:18:25.5320000;03/14/2000 02:42:09;10013;12;11
13;A2;R4;R3;03/14/2000 02:44:43;01:01:00.2440000;03/14/2000 03:45:43;10013;12;13
14;A1;R1;R1;04/04/2000 09:45:00;06:15:28.7500000;04/04/2000 16:00:28;10014;11;10
14;A2;R7;R7;04/04/2000 16:55:55;05:30:35.7070000;04/04/2000 22:26:31;10014;12;16
14;A1;R7;R1;04/04/2000 23:29:58;06:02:06.0770000;04/05/2000 05:32:04;10014;11;16
14;A1;R1;R1;04/05/2000 05:35:33;07:39:51.1320000;04/05/2000 13:15:24;10014;11;10
14;A2;R4;R2;04/05/2000 14:18:53;02:40:15.8160000;04/05/2000 16:59:09;10014;12;13
14;A2;R7;R4;04/05/2000 17:02:39;06:51:34.6650000;04/05/2000 23:54:14;10014;12;16
14;A1;R1;R1;04/06/2000 00:57:45;06:09:17.3490000;04/06/2000 07:07:02;10014;11;10
14;A1;R7;R1;04/06/2000 08:10:34;00:01:30.8790000;04/06/2000 08:12:05;10014;11;16
14;A1;R1;R1;04/06/2000 09:15:38;04:43:52.9260000;04/06/2000 13:59:31;10014;11;10
14;A1;R1;R1;04/06/2000 14:03:06;06:18:07.5250000;04/06/2000 20:21:13;10014;11;10
14;A1;R1;R1;04/06/2000 20:24:48;02:27:43.9960000;04/06/2000 22:52:32;10014;11;10
14;A2;R4;R7;04/06/2000 23:56:09;04:24:26.9990000;04/07/2000 04:20:36;10014;12;13
14;A2;R2;R2;04/07/2000 04:24:14;07:02:58.5620000;04/07/2000 11:27:12;10014;12;11
14;A1;R1;R7;04/07/2000 11:30:51;05:04:05.8230000;04/07/2000 16:34:57;10014;11;10
14;A1;R1;R1;04/07/2000 17:38:36;00:10:11.6420000;04/07/2000 17:48:48;10014;11;10
14;A1;R1;R1;04/07/2000 17:52:29;00:50:56.6640000;04/07/2000 18:43:25;10014;11;10
14;A1;R1;R7;04/07/2000 19:47:06;01:36:53.4250000;04/07/2000 21:24:00;10014;11;10
14;A2;R7;R2;04/07/2000 21:27:43;02:32:02.8160000;04/07/2000 23:59:45;10014;12;16
14;A1;R1;R1;04/08/2000 00:03:29;05:15:23.0410000;04/08/2000 05:18:52;10014;11;10
14;A1;R1;R1;04/08/2000 06:22:36;06:47:18.1590000;04/08/2000 13:09:55;10014;11;10
14;A2;R2;R3;04/08/2000 13:12:07;00:54:24.5090000;04/08/2000 14:06:31;10014;12;11
15;A1;R1;R1;09/17/2000 21:27:00;07:07:49.9940000;09/18/2000 04:34:49;10015;11;10
15;A2;R2;R2;09/18/2000 07:02:37;00:01:06.1220000;09/18/2000 07:03:43;10015;12;11
15;A1;R1;R1;09/18/2000 08:07:32;04:56:23.9000000;09/18/2000 13:03:56;10015;11;10
15;A2;R2;R2;09/18/2000 14:07:45;06:53:06.0810000;09/18/2000 21:00:51;10015;12;11
15;A2;R7;R7;09/18/2000 22:04:42;06:36:20.2210000;09/19/2000 04:41:02;10015;12;16
15;A2;R4;R2;09/19/2000 05:44:53;00:28:07.2380000;09/19/2000 06:13:00;10015;12;13
15;A2;R2;R4;09/19/2000 06:16:53;01:23:24.3610000;09/19/2000 07:40:17;10015;12;11
15;A2;R3;R7;09/19/2000 08:44:10;06:34:34.9540000;09/19/2000 15:18:45;10015;12;12
15;A1;R1;R7;09/19/2000 16:22:39;03:04:45.0990000;09/19/2000 19:27:25;10015;11;10
15;A2;R2;R7;09/19/2000 20:31:20;07:03:49.0650000;09/20/2000 03:35:09;10015;12;11
15;A2;R3;R3;09/20/2000 04:39:06;02:53:08.0140000;09/20/2000 07:32:14;10015;12;12
15;A2;R3;R2;09/20/2000 08:36:12;07:54:05.8420000;09/20/2000 16:30:17;10015;12;12
15;A2;R7;R4;09/20/2000 16:34:16;06:23:26.8330000;09/20/2000 22:57:43;10015;12;16
15;A2;R2;R7;09/21/2000 00:00:10;04:35:46.9390000;09/21/2000 04:35:57;10015;12;11
16;A1;R7;R7;06/12/2000 12:08:00;01:46:40.3470000;06/12/2000 13:54:40;10016;11;16
16;A2;R4;R2;06/12/2000 16:04:41;07:08:16.2200000;06/12/2000 23:12:57;10016;12;13
16;A1;R1;R1;06/12/2000 23:16:59;04:29:04.2440000;06/13/2000 03:46:04;10016;11;10
16;A1;R1;R1;06/13/2000 04:50:07;05:49:45.6160000;06/13/2000 10:39:53;10016;11;10
16;A2;R2;R4;06/13/2000 10:43:57;05:43:58.3120000;06/13/2000 16:27:56;10016;12;11
16;A2;R2;R7;06/13/2000 17:32:01;00:26:17.5790000;06/13/2000 17:58:19;10016;12;11
16;A1;R7;R1;06/13/2000 19:02:25;02:41:18.6880000;06/13/2000 21:43:44;10016;11;16
16;A1;R1;R1;06/13/2000 21:47:51;04:33:58.6680000;06/14/2000 02:21:50;10016;11;10
16;A1;R1;R1;06/14/2000 03:25:58;02:07:08.0780000;06/14/2000 05:33:06;10016;11;10
16;A1;R1;R1;06/14/2000 06:37:15;06:34:17.2040000;06/14/2000 13:11:33;10016;11;10
16;A1;R1;R1;06/14/2000 14:15:43;01:52:21.2030000;06/14/2000 16:08:04;10016;11;10
16;A2;R2;R4;06/14/2000 17:12:15;00:53:34.7890000;06/14/2000 18:05:50;10016;12;11
16;A2;R3;R7;06/14/2000 19:10:02;05:33:52.0570000;06/15/2000 00:43:54;10016;12;12
16;A1;R1;R1;06/15/2000 01:48:08;05:35:24.1050000;06/15/2000 07:23:32;10016;11;10
16;A1;R1;R1;06/15/2000 07:27:46;00:23:27.2910000;06/15/2000 07:51:13;10016;11;10
16;A1;R1;R1;06/15/2000 08:55:29;00:51:04.4800000;06/15/2000 09:46:33;10016;11;10
16;A1;R1;R7;06/15/2000 09:50:50;05:44:36.5010000;06/15/2000 15:35:27;10016;11;10
16;A2;R3;R2;06/15/2000 15:39:44;06:07:42.5840000;06/15/2000 21:47:27;10016;12;12
16;A1;R1;R1;06/15/2000 22:51:45;07:39:35.8430000;06/16/2000 06:31:21;10016;11;10
16;A1;R1;R7;06/16/2000 07:35:41;06:42:31.0100000;06/16/2000 14:18:12;10016;11;10
16;A2;R2;R7;06/16/2000 15:20:12;06:14:07.7160000;06/16/2000 21:34:20;10016;12;11
17;A1;R1;R1;10/20/2000 15:50:00;05:07:48.1720000;10/20/2000 20:57:48;10017;11;10
17;A1;R7;R1;10/20/2000 23:11:10;00:41:28.6950000;10/20/2000 23:52:39;10017;11;16
17;A1;R7;R1;10/21/2000 00:57:02;03:33:51.0900000;10/21/2000 04:30:54;10017;11;16
17;A2;R7;R2;10/21/2000 04:35:18;04:28:01.5450000;10/21/2000 09:03:19;10017;12;16
17;A1;R7;R1;10/21/2000 10:07:44;02:14:03.3940000;10/21/2000 12:21:48;10017;11;16
17;A1;R1;R1;10/21/2000 12:26:14;00:14:49.4300000;10/21/2000 12:41:04;10017;11;10
17;A2;R2;R2;10/21/2000 13:45:31;00:09:32.1010000;10/21/2000 13:55:03;10017;12;11
17;A1;R1;R1;10/21/2000 13:59:32;04:30:50.4880000;10/21/2000 18:30:22;10017;11;10
17;A1;R1;R1;10/21/2000 18:34:51;02:51:06.2430000;10/21/2000 21:25:58;10017;11;10
17;A1;R1;R1;10/21/2000 21:30:28;07:11:35.7710000;10/22/2000 04:42:04;10017;11;10
17;A1;R7;R1;10/22/2000 05:46:35;07:19:57.0960000;10/22/2000 13:06:32;10017;11;16
17;A1;R1;R1;10/22/2000 14:11:04;06:24:58.3140000;10/22/2000 20:36:02;10017;11;10
17;A2;R2;R2;10/22/2000 20:40:36;03:47:44.0530000;10/23/2000 00:28:20;10017;12;11
17;A2;R7;R2;10/23/2000 00:29:44;02:44:00.7160000;10/23/2000 03:13:45;10017;12;16
18;A1;R1;R1;03/22/2000 16:46:00;00:07:06.9390000;03/22/2000 16:53:06;10018;11;10
18;A2;R2;R2;03/22/2000 19:04:43;01:59:50.2830000;03/22/2000 21:04:33;10018;12;11
18;A1;R1;R1;03/22/2000 21:09:10;05:25:32.0880000;03/23/2000 02:34:42;10018;11;10
18;A1;R1;R1;03/23/2000 02:39:21;03:29:29.4640000;03/23/2000 06:08:50;10018;11;10
18;A2;R2;R7;03/23/2000 06:13:30;02:45:09.0080000;03/23/2000 08:58:39;10018;12;11
18;A2;R7;R7;03/23/2000 10:03:19;06:03:04.9860000;03/23/2000 16:06:24;10018;12;16
18;A1;R7;R1;03/23/2000 16:11:06;00:05:07.8500000;03/23/2000 16:16:14;10018;11;16
18;A1;R7;R1;03/23/2000 16:20:56;02:06:09.8440000;03/23/2000 18:27:06;10018;11;16
18;A1;R1;R1;03/23/2000 18:31:50;07:29:46.2640000;03/24/2000 02:01:36;10018;11;10
18;A1;R1;R1;03/24/2000 02:06:20;04:23:35.0820000;03/24/2000 06:29:55;10018;11;10
18;A1;R1;R1;03/24/2000 07:34:40;04:24:19.8000000;03/24/2000 11:59:00;10018;11;10
18;A2;R3;R2;03/24/2000 13:03:46;06:47:18.0020000;03/24/2000 19:51:04;10018;12;12
18;A2;R2;R3;03/24/2000 20:55:52;02:10:22.3900000;03/24/2000 23:06:14;10018;12;11
18;A1;R7;R1;03/25/2000 00:11:02;06:58:45.0400000;03/25/2000 07:09:47;10018;11;16
18;A1;R7;R7;03/25/2000 07:14:37;04:13:24.1390000;03/25/2000 11:28:01;10018;11;16
18;A1;R1;R1;03/25/2000 12:32:51;06:26:25.7240000;03/25/2000 18:59:17;10018;11;10
18;A1;R1;R1;03/25/2000 20:04:08;03:52:23.6670000;03/25/2000 23:56:32;10018;11;10
18;A2;R2;R3;03/26/2000 01:01:24;05:22:30.6500000;03/26/2000 06:23:55;10018;12;11
18;A1;R1;R1;03/26/2000 06:28:48;05:34:08.0660000;03/26/2000 12:02:56;10018;11;10
18;A1;R7;R1;03/26/2000 12:07:50;06:37:17.4940000;03/26/2000 18:45:07;10018;11;16
18;A2;R3;R2;03/26/2000 18:45:48;05:48:14.1740000;03/27/2000 00:34:03;10018;12;12
19;A1;R1;R1;09/30/2000 17:39:00;00:04:13.0410000;09/30/2000 17:43:13;10019;11;10
19;A2;R3;R4;09/30/2000 18:01:10;05:13:08.5100000;09/30/2000 23:14:18;10019;12;12
19;A1;R1;R1;10/01/2000 00:19:16;07:18:54.7500000;10/01/2000 07:38:11;10019;11;10
19;A1;R1;R1;10/01/2000 08:43:10;03:36:14.0150000;10/01/2000 12:19:24;10019;11;10
19;A2;R2;R3;10/01/2000 13:24:24;03:24:59.5430000;10/01/2000 16:49:24;10019;12;11
19;A1;R1;R1;10/01/2000 17:54:25;04:13:50.2840000;10/01/2000 22:08:15;10019;11;10
19;A1;R1;R1;10/01/2000 23:13:18;03:05:10.6590000;10/02/2000 02:18:28;10019;11;10
19;A2;R2;R7;10/02/2000 02:23:31;07:15:59.2050000;10/02/2000 09:39:31;10019;12;11
19;A2;R2;R3;10/02/2000 10:44:35;01:19:33.8010000;10/02/2000 12:04:09;10019;12;11
19;A2;R3;R3;10/02/2000 13:09:14;01:18:40.3850000;10/02/2000 14:27:54;10019;12;12
19;A1;R1;R1;10/02/2000 14:33:00;07:10:46.8400000;10/02/2000 21:43:47;10019;11;10
19;A1;R7;R1;10/02/2000 22:48:54;02:50:48.8070000;10/03/2000 01:39:43;10019;11;16
19;A2;R7;R4;10/03/2000 02:44:51;02:43:34.1760000;10/03/2000 05:28:25;10019;12;16
19;A2;R2;R4;10/03/2000 05:30:36;00:58:37.0970000;10/03/2000 06:29:13;10019;12;11
20;A1;R1;R1;06/09/2000 12:34:00;06:26:20.5750000;06/09/2000 19:00:20;10020;11;10
20;A1;R1;R7;06/09/2000 20:12:31;06:12:32.8510000;06/10/2000 02:25:04;10020;11;10
20;A1;R7;R1;06/10/2000 02:30:17;02:34:13.9380000;06/10/2000 05:04:31;10020;11;16
20;A2;R2;R2;06/10/2000 05:09:44;07:10:52.2710000;06/10/2000 12:20:37;10020;12;11
20;A1;R1;R1;06/10/2000 13:25:51;00:00:35.4920000;06/10/2000 13:26:26;10020;11;10
20;A1;R1;R7;06/10/2000 13:31:42;03:28:04.9200000;06/10/2000 16:59:47;10020;11;10
20;A2;R2;R2;06/10/2000 17:05:03;06:08:24.9160000;06/10/2000 23:13:28;10020;12;11
20;A2;R3;R2;06/11/2000 00:18:45;03:00:01.0330000;06/11/2000 03:18:46;10020;12;12
20;A2;R2;R3;06/11/2000 03:24:04;05:24:13.7210000;06/11/2000 08:48:18;10020;12;11
20;A1;R1;R1;06/11/2000 08:53:38;03:15:41.3790000;06/11/2000 12:09:19;10020;11;10
20;A2;R7;R3;06/11/2000 12:14:39;02:38:03.5300000;06/11/2000 14:52:43;10020;12;16
20;A2;R7;R2;06/11/2000 15:53:25;04:39:36.9690000;06/11/2000 20:33:02;10020;12;16
21;A1;R7;R1;08/19/2000 23:33:00;06:32:24.0710000;08/20/2000 06:05:24;10021;11;16
21;A2;R7;R4;08/20/2000 07:44:47;00:05:43.1460000;08/20/2000 07:50:30;10021;12;16
21;A1;R7;R7;08/20/2000 07:55:54;04:46:19.8670000;08/20/2000 12:42:14;10021;11;16
21;A1;R7;R1;08/20/2000 13:47:40;02:12:12.4530000;08/20/2000 15:59:52;10021;11;16
21;A2;R7;R2;08/20/2000 16:05:19;04:06:30.9130000;08/20/2000 20:11:50;10021;12;16
21;A2;R3;R7;08/20/2000 21:17:17;05:35:12.3000000;08/21/2000 02:52:29;10021;12;12
21;A1;R1;R1;08/21/2000 02:57:58;00:16:30.0540000;08/21/2000 03:14:28;10021;11;10
21;A1;R1;R7;08/21/2000 04:19:57;04:04:56.6430000;08/21/2000 08:24:54;10021;11;10
21;A1;R1;R1;08/21/2000 08:30:24;05:05:36.1460000;08/21/2000 13:36:00;10021;11;10
21;A1;R1;R1;08/21/2000 14:41:31;05:38:05.5290000;08/21/2000 20:19:37;10021;11;10
21;A1;R1;R1;08/21/2000 21:25:09;06:41:45.0300000;08/22/2000 04:06:55;10021;11;10
21;A2;R2;R4;08/22/2000 05:12:28;06:40:26.8210000;08/22/2000 11:52:55;10021;12;11
21;A2;R2;R7;08/22/2000 11:58:29;04:20:36.1680000;08/22/2000 16:19:05;10021;12;11
21;A1;R1;R1;08/22/2000 16:24:41;01:51:21.7720000;08/22/2000 18:16:02;10021;11;10
21;A1;R7;R1;08/22/2000 19:21:39;07:17:26.8630000;08/23/2000 02:39:05;10021;11;16
21;A1;R1;R1;08/23/2000 03:44:42;03:30:50.9860000;08/23/2000 07:15:33;10021;11;10
21;A1;R1;R1;08/23/2000 08:21:12;05:14:00.2610000;08/23/2000 13:35:12;10021;11;10
21;A2;R2;R3;08/23/2000 14:40:51;05:08:29.3560000;08/23/2000 19:49:21;10021;12;11
21;A1;R1;R1;08/23/2000 19:55:01;02:52:01.8850000;08/23/2000 22:47:03;10021;11;10
21;A1;R1;R1;08/23/2000 22:52:44;04:58:10.1550000;08/24/2000 03:50:54;10021;11;10
21;A2;R7;R3;08/24/2000 04:51:15;03:09:32.1940000;08/24/2000 08:00:47;10021;12;16
22;A1;R7;R7;12/22/2000 11:48:00;06:41:57.4700000;12/22/2000 18:29:57;10022;11;16
22;A2;R2;R7;12/22/2000 20:31:41;06:09:07.5520000;12/23/2000 02:40:49;10022;12;11
22;A1;R1;R1;12/23/2000 02:46:34;01:34:06.4620000;12/23/2000 04:20:40;10022;11;10
22;A1;R1;R7;12/23/2000 05:26:27;04:56:09.0840000;12/23/2000 10:22:36;10022;11;10
22;A2;R2;R3;12/23/2000 11:28:23;06:24:50.3090000;12/23/2000 17:53:13;10022;12;11
22;A2;R4;R2;12/23/2000 17:59:02;00:56:43.4160000;12/23/2000 18:55:45;10022;12;13
22;A1;R7;R1;12/23/2000 20:01:35;03:48:32.0180000;12/23/2000 23:50:07;10022;11;16
22;A1;R1;R1;12/23/2000 23:55:58;05:24:23.2440000;12/24/2000 05:20:21;10022;11;10
22;A1;R1;R1;12/24/2000 06:26:12;00:07:32.7230000;12/24/2000 06:33:45;10022;11;10
22;A1;R1;R1;12/24/2000 07:39:38;07:11:24.0540000;12/24/2000 14:51:02;10022;11;10
22;A1;R1;R7;12/24/2000 15:56:55;00:34:41.6650000;12/24/2000 16:31:37;10022;11;10
22;A2;R3;R2;12/24/2000 17:37:31;06:11:47.6510000;12/24/2000 23:49:19;10022;12;12
22;A2;R3;R4;12/25/2000 00:55:14;02:58:46.5460000;12/25/2000 03:54:00;10022;12;12
22;A1;R1;R1;12/25/2000 04:59:57;01:57:06.5740000;12/25/2000 06:57:03;10022;11;10
22;A1;R1;R7;12/25/2000 08:03:01;00:46:02.7060000;12/25/2000 08:49:03;10022;11;10
22;A1;R1;R7;12/25/2000 08:55:01;02:57:26.4520000;12/25/2000 11:52:28;10022;11;10
22;A1;R7;R1;12/25/2000 11:58:28;00:53:51.8210000;12/25/2000 12:52:19;10022;11;16
22;A2;R7;R4;12/25/2000 12:58:20;06:55:39.0920000;12/25/2000 19:53:59;10022;12;16
22;A1;R7;R7;12/25/2000 20:00:00;01:41:36.7110000;12/25/2000 21:41:37;10022;11;16
22;A1;R1;R7;12/25/2000 22:47:40;03:50:29.2470000;12/26/2000 02:38:09;10022;11;10
22;A2;R7;R7;12/26/2000 02:40:31;04:16:10.4620000;12/26/2000 06:56:42;10022;12;16
23;A1;R1;R7;05/26/2000 20:33:00;03:44:47.6380000;05/27/2000 00:17:47;10023;11;10
23;A2;R7;R2;05/27/2000 00:51:53;02:23:55.4800000;05/27/2000 03:15:48;10023;12;16
23;A2;R7;R2;05/27/2000 04:21:54;00:09:47.2320000;05/27/2000 04:31:41;10023;12;16
23;A2;R3;R7;05/27/2000 04:37:48;00:41:00.2590000;05/27/2000 05:18:49;10023;12;12
23;A1;R1;R1;05/27/2000 05:24:57;01:16:43.4260000;05/27/2000 06:41:41;10023;11;10
23;A1;R1;R1;05/27/2000 06:47:50;06:02:11.6900000;05/27/2000 12:50:02;10023;11;10
23;A1;R1;R1;05/27/2000 12:56:13;07:19:50.5000000;05/27/2000 20:16:03;10023;11;10
23;A1;R1;R7;05/27/2000 20:22:15;04:12:48.3680000;05/28/2000 00:35:03;10023;11;10
23;A2;R2;R4;05/28/2000 01:41:15;00:54:24.9710000;05/28/2000 02:35:40;10023;12;11
23;A1;R1;R1;05/28/2000 02:41:54;00:20:22.5450000;05/28/2000 03:02:16;10023;11;10
23;A1;R1;R1;05/28/2000 03:08:31;02:53:00.3790000;05/28/2000 06:01:31;10023;11;10
23;A1;R1;R1;05/28/2000 07:07:46;07:27:09.7200000;05/28/2000 14:34:56;10023;11;10
23;A2;R4;R7;05/28/2000 14:41:13;05:25:30.7580000;05/28/2000 20:06:44;10023;12;13
23;A2;R3;R3;05/28/2000 21:07:05;07:56:21.3690000;05/29/2000 05:03:26;10023;12;12
24;A1;R1;R1;12/21/2000 19:25:00;02:14:28.0560000;12/21/2000 21:39:28;10024;11;10
24;A1;R1;R1;12/21/2000 23:20:47;01:33:09.8260000;12/22/2000 00:53:56;10024;11;10
24;A1;R1;R1;12/22/2000 01:00:17;00:13:22.9940000;12/22/2000 01:13:40;10024;11;10
24;A2;R2;R3;12/22/2000 01:20:01;04:56:08.7860000;12/22/2000 06:16:10;10024;12;11
24;A1;R1;R7;12/22/2000 06:22:32;03:57:59.2210000;12/22/2000 10:20:32;10024;11;10
24;A1;R1;R1;12/22/2000 11:26:55;05:56:12.7610000;12/22/2000 17:23:08;10024;11;10
24;A1;R1;R1;12/22/2000 17:29:33;05:52:56.1290000;12/22/2000 23:22:29;10024;11;10
24;A1;R1;R1;12/23/2000 00:28:54;03:33:57.6090000;12/23/2000 04:02:52;10024;11;10
24;A2;R2;R3;12/23/2000 05:09:19;04:34:00.4460000;12/23/2000 09:43:19;10024;12;11
24;A1;R1;R7;12/23/2000 10:49:46;02:03:31.0120000;12/23/2000 12:53:17;10024;11;10
24;A2;R2;R2;12/23/2000 12:59:46;06:53:18.5150000;12/23/2000 19:53:05;10024;12;11
24;A2;R2;R7;12/23/2000 20:59:34;04:45:31.0060000;12/24/2000 01:45:05;10024;12;11
24;A2;R2;R4;12/24/2000 02:51:35;06:48:01.3440000;12/24/2000 09:39:36;10024;12;11
24;A1;R7;R7;12/24/2000 09:46:08;01:53:05.9540000;12/24/2000 11:39:14;10024;11;16
24;A2;R2;R2;12/24/2000 12:45:46;04:29:58.8530000;12/24/2000 17:15:45;10024;12;11
24;A1;R1;R1;12/24/2000 18:22:19;05:50:31.4690000;12/25/2000 00:12:50;10024;11;10
24;A2;R3;R2;12/25/2000 00:14:38;04:57:56.9750000;12/25/2000 05:12:35;10024;12;12
25;A1;R1;R7;08/08/2000 19:55:00;01:12:39.5510000;08/08/2000 21:07:39;10025;11;10
25;A1;R1;R1;08/08/2000 23:26:15;02:07:38.1440000;08/09/2000 01:33:53;10025;11;10
25;A1;R1;R1;08/09/2000 02:40:31;00:32:40.7170000;08/09/2000 03:13:11;10025;11;10
25;A2;R3;R4;08/09/2000 03:19:50;01:46:30.8270000;08/09/2000 05:06:21;10025;12;12
25;A1;R1;R1;08/09/2000 05:13:00;04:13:48.6270000;08/09/2000 09:26:48;10025;11;10
25;A2;R2;R2;08/09/2000 09:33:29;04:27:34.4030000;08/09/2000 14:01:03;10025;12;11
25;A1;R1;R7;08/09/2000 14:07:45;05:24:29.4460000;08/09/2000 19:32:14;10025;11;10
25;A1;R7;R1;08/09/2000 20:38:57;01:33:24.6180000;08/09/2000 22:12:22;10025;11;16
25;A2;R3;R4;08/09/2000 22:19:05;03:11:52.0610000;08/10/2000 01:30:57;10025;12;12
25;A2;R4;R2;08/10/2000 01:37:41;02:24:52.6090000;08/10/2000 04:02:34;10025;12;13
25;A1;R1;R7;08/10/2000 04:09:19;04:27:29.1160000;08/10/2000 08:36:48;10025;11;10
25;A1;R1;R1;08/10/2000 08:43:34;02:48:51.6990000;08/10/2000 11:32:26;10025;11;10
25;A2;R2;R3;08/10/2000 11:39:13;00:33:57.3210000;08/10/2000 12:13:10;10025;12;11
25;A1;R1;R1;08/10/2000 13:19:59;05:09:09.4130000;08/10/2000 18:29:09;10025;11;10
25;A1;R1;R7;08/10/2000 19:35:58;03:00:07.9590000;08/10/2000 22:36:06;10025;11;10
25;A2;R3;R4;08/10/2000 23:42:56;07:27:41.9250000;08/11/2000 07:10:38;10025;12;12
25;A1;R1;R1;08/11/2000 07:17:29;02:46:46.6500000;08/11/2000 10:04:16;10025;11;10
25;A1;R1;R1;08/11/2000 10:11:08;04:19:10.9520000;08/11/2000 14:30:19;10025;11;10
25;A2;R3;R4;08/11/2000 14:37:12;07:53:59.5710000;08/11/2000 22:31:12;10025;12;12
25;A2;R2;R2;08/11/2000 23:38:06;06:11:49.8990000;08/12/2000 05:49:56;10025;12;11
25;A2;R2;R4;08/12/2000 05:56:52;00:15:42.8740000;08/12/2000 06:12:34;10025;12;11
25;A2;R2;R7;08/12/2000 06:15:17;06:36:21.4160000;08/12/2000 12:51:38;10025;12;11
26;A1;R1;R1;11/08/2000 01:13:00;00:38:19.3990000;11/08/2000 01:51:19;10026;11;10
26;A1;R1;R1;11/08/2000 04:54:17;02:32:02.9960000;11/08/2000 07:26:20;10026;11;10
26;A2;R3;R2;11/08/2000 07:33:20;00:48:16.2190000;11/08/2000 08:21:36;10026;12;12
26;A2;R3;R2;11/08/2000 09:28:36;01:18:08.0880000;11/08/2000 10:46:44;10026;12;12
26;A1;R7;R7;11/08/2000 11:53:46;07:40:00.5470000;11/08/2000 19:33:46;10026;11;16
26;A1;R1;R1;11/08/2000 20:40:49;02:24:06.9040000;11/08/2000 23:04:56;10026;11;10
26;A1;R1;R1;11/08/2000 23:11:59;01:42:38.6540000;11/09/2000 00:54:38;10026;11;10
26;A2;R3;R4;11/09/2000 01:01:42;07:36:36.8630000;11/09/2000 08:38:19;10026;12;12
26;A2;R7;R3;11/09/2000 09:45:25;05:54:47.7730000;11/09/2000 15:40:12;10026;12;16
26;A1;R1;R7;11/09/2000 15:47:19;07:02:27.7800000;11/09/2000 22:49:47;10026;11;10
26;A2;R2;R4;11/09/2000 22:56:54;03:16:37.7480000;11/10/2000 02:13:32;10026;12;11
26;A1;R1;R1;11/10/2000 02:20:40;01:24:20.4850000;11/10/2000 03:45:01;10026;11;10
26;A2;R3;R7;11/10/2000 03:47:51;06:59:38.8340000;11/10/2000 10:47:30;10026;12;12
27;A1;R1;R1;11/03/2000 01:28:00;00:59:36.1360000;11/03/2000 02:27:36;10027;11;10
27;A1;R1;R7;11/03/2000 04:21:47;04:16:34.2980000;11/03/2000 08:38:21;10027;11;10
27;A1;R1;R7;11/03/2000 08:45:34;05:19:34.2240000;11/03/2000 14:05:08;10027;11;10
27;A2;R4;R4;11/03/2000 14:12:21;01:18:35.1670000;11/03/2000 15:30:56;10027;12;13
27;A1;R7;R1;11/03/2000 15:38:11;02:30:09.2690000;11/03/2000 18:08:20;10027;11;16
27;A1;R1;R7;11/03/2000 19:15:35;00:50:15.2880000;11/03/2000 20:05:51;10027;11;10
27;A2;R7;R2;11/03/2000 20:13:07;00:14:19.4630000;11/03/2000 20:27:27;10027;12;16
27;A2;R2;R3;11/03/2000 21:34:45;01:52:42.6120000;11/03/2000 23:27:27;10027;12;11
27;A2;R2;R7;11/03/2000 23:34:46;00:41:42.7850000;11/04/2000 00:16:29;10027;12;11
27;A1;R1;R1;11/04/2000 01:23:48;03:20:59.2530000;11/04/2000 04:44:47;10027;11;10
27;A2;R2;R3;11/04/2000 04:52:08;04:38:43.7070000;11/04/2000 09:30:51;10027;12;11
27;A2;R3;R7;11/04/2000 10:33:07;00:59:45.6830000;11/04/2000 11:32:53;10027;12;12
28;A1;R1;R1;10/04/2000 15:05:00;05:19:12.6250000;10/04/2000 20:24:12;10028;11;10
28;A1;R1;R1;10/04/2000 23:04:35;07:54:22.1640000;10/05/2000 06:58:58;10028;11;10
28;A2;R4;R7;10/05/2000 07:06:22;00:28:32.9740000;10/05/2000 07:34:55;10028;12;13
28;A2;R2;R3;10/05/2000 07:42:20;03:49:45.2080000;10/05/2000 11:32:06;10028;12;11
28;A1;R1;R1;10/05/2000 12:39:32;04:23:03.6670000;10/05/2000 17:02:35;10028;11;10
28;A1;R1;R1;10/05/2000 18:10:03;06:46:57.4870000;10/06/2000 00:57:00;10028;11;10
28;A1;R1;R7;10/06/2000 02:04:28;06:32:26.5440000;10/06/2000 08:36:55;10028;11;10
28;A2;R4;R7;10/06/2000 09:44:24;07:16:41.0720000;10/06/2000 17:01:05;10028;12;13
28;A2;R7;R2;10/06/2000 18:08:36;01:51:28.7160000;10/06/2000 20:00:04;10028;12;16
28;A1;R7;R1;10/06/2000 21:07:35;00:38:12.7700000;10/06/2000 21:45:48;10028;11;16
28;A2;R7;R4;10/06/2000 21:53:21;01:03:51.1930000;10/06/2000 22:57:12;10028;12;16
28;A1;R1;R1;10/07/2000 00:04:46;05:10:23.4570000;10/07/2000 05:15:09;10028;11;10
28;A2;R3;R3;10/07/2000 06:17:04;06:10:58.1310000;10/07/2000 12:28:02;10028;12;12
29;A1;R1;R1;01/01/2000 17:26:00;01:19:19.8940000;01/01/2000 18:45:19;10029;11;10
29;A1;R1;R7;01/01/2000 19:38:56;04:46:37.8850000;01/02/2000 00:25:34;10029;11;10
29;A2;R7;R4;01/02/2000 01:33:12;06:16:20.0370000;01/02/2000 07:49:32;10029;12;16
29;A2;R2;R2;01/02/2000 08:57:10;05:26:00.3650000;01/02/2000 14:23:11;10029;12;11
29;A1;R7;R7;01/02/2000 15:30:50;02:28:40.3640000;01/02/2000 17:59:31;10029;11;16
29;A1;R1;R1;01/02/2000 18:07:11;03:09:30.4550000;01/02/2000 21:16:41;10029;11;10
29;A1;R1;R1;01/02/2000 22:24:23;01:12:05.6300000;01/02/2000 23:36:28;10029;11;10
29;A2;R2;R2;01/03/2000 00:44:11;07:37:37.2290000;01/03/2000 08:21:48;10029;12;11
29;A2;R2;R4;01/03/2000 08:29:32;07:31:56.1930000;01/03/2000 16:01:28;10029;12;11
29;A1;R1;R1;01/03/2000 17:09:13;06:08:07.7860000;01/03/2000 23:17:20;10029;11;10
29;A2;R7;R4;01/03/2000 23:25:06;06:12:46.9310000;01/04/2000 05:37:53;10029;12;16
29;A1;R1;R7;01/04/2000 05:45:39;02:05:10.5660000;01/04/2000 07:50:50;10029;11;10
29;A2;R7;R4;01/04/2000 08:52:22;01:24:07.8130000;01/04/2000 10:16:30;10029;12;16
30;A1;R1;R1;05/10/2000 21:06:00;05:30:47.4250000;05/11/2000 02:36:47;10030;11;10
30;A2;R3;R2;05/11/2000 04:46:36;05:48:33.0300000;05/11/2000 10:35:09;10030;12;12
30;A1;R1;R7;05/11/2000 11:43:00;00:49:17.2100000;05/11/2000 12:32:17;10030;11;10
30;A1;R1;R1;05/11/2000 12:40:08;03:44:24.5770000;05/11/2000 16:24:33;10030;11;10
30;A2;R4;R3;05/11/2000 16:32:25;06:14:03.5210000;05/11/2000 22:46:29;10030;12;13
30;A2;R7;R4;05/11/2000 22:54:22;00:53:37.0760000;05/11/2000 23:47:59;10030;12;16
30;A1;R1;R1;05/11/2000 23:55:53;07:32:39.7810000;05/12/2000 07:28:33;10030;11;10
30;A1;R1;R1;05/12/2000 07:36:28;05:13:19.1200000;05/12/2000 12:49:47;10030;11;10
30;A1;R1;R1;05/12/2000 13:57:44;07:13:54.7190000;05/12/2000 21:11:38;10030;11;10
30;A1;R1;R1;05/12/2000 22:19:36;04:42:04.4370000;05/13/2000 03:01:40;10030;11;10
30;A1;R1;R1;05/13/2000 03:09:38;04:05:41.3890000;05/13/2000 07:15:20;10030;11;10
30;A2;R3;R3;05/13/2000 07:23:20;02:29:41.8830000;05/13/2000 09:53:01;10030;12;12
30;A2;R4;R2;05/13/2000 11:01:02;07:17:52.0620000;05/13/2000 18:18:54;10030;12;13
30;A1;R1;R7;05/13/2000 18:26:56;00:23:34.1860000;05/13/2000 18:50:30;10030;11;10
30;A1;R1;R7;05/13/2000 19:58:32;00:32:13.9050000;05/13/2000 20:30:46;10030;11;10
30;A1;R7;R7;05/13/2000 21:38:49;01:53:55.3800000;05/13/2000 23:32:45;10030;11;16
30;A1;R1;R1;05/14/2000 00:40:49;03:03:48.6180000;05/14/2000 03:44:38;10030;11;10
30;A2;R3;R4;05/14/2000 04:52:43;02:06:58.9010000;05/14/2000 06:59:42;10030;12;12
30;A1;R7;R1;05/14/2000 07:07:48;01:13:19.4200000;05/14/2000 08:21:08;10030;11;16
30;A1;R7;R1;05/14/2000 09:29:15;05:28:28.3820000;05/14/2000 14:57:43;10030;11;16
30;A2;R7;R2;05/14/2000 15:59:37;06:40:57.0250000;05/14/2000 22:40:34;10030;12;16
31;A1;R1;R1;12/10/2000 22:17:00;05:25:22.9760000;12/11/2000 03:42:22;10031;11;10
31;A1;R1;R1;12/11/2000 05:09:33;06:54:53.9120000;12/11/2000 12:04:27;10031;11;10
31;A1;R1;R1;12/11/2000 12:12:38;07:23:20.3710000;12/11/2000 19:35:59;10031;11;10
31;A2;R4;R7;12/11/2000 20:44:11;05:58:34.9290000;12/12/2000 02:42:46;10031;12;13
31;A1;R1;R1;12/12/2000 02:51:00;01:11:28.8420000;12/12/2000 04:02:28;10031;11;10
31;A1;R1;R1;12/12/2000 04:10:43;01:34:44.2480000;12/12/2000 05:45:27;10031;11;10
31;A2;R3;R7;12/12/2000 05:53:43;02:52:44.4740000;12/12/2000 08:46:27;10031;12;12
31;A1;R1;R7;12/12/2000 08:54:44;01:29:22.2190000;12/12/2000 10:24:06;10031;11;10
31;A1;R1;R7;12/12/2000 11:32:23;04:42:34.5880000;12/12/2000 16:14:58;10031;11;10
31;A1;R1;R1;12/12/2000 16:23:17;04:46:57.1070000;12/12/2000 21:10:14;10031;11;10
31;A1;R1;R1;12/12/2000 21:18:33;03:08:51.0740000;12/13/2000 00:27:24;10031;11;10
31;A1;R1;R1;12/13/2000 00:35:44;01:10:09.0890000;12/13/2000 01:45:54;10031;11;10
31;A2;R4;R2;12/13/2000 02:54:15;06:33:58.5420000;12/13/2000 09:28:13;10031;12;13
31;A2;R2;R2;12/13/2000 10:28:34;03:57:38.4130000;12/13/2000 14:26:12;10031;12;11
32;A1;R1;R1;05/12/2000 17:49:00;02:05:32.5230000;05/12/2000 19:54:32;10032;11;10
32;A2;R4;R2;05/12/2000 23:01:56;02:12:04.8400000;05/13/2000 01:14:01;10032;12;13
32;A2;R4;R4;05/13/2000 02:22:26;02:35:25.7090000;05/13/2000 04:57:52;10032;12;13
32;A2;R7;R2;05/13/2000 06:06:18;06:53:46.4340000;05/13/2000 13:00:05;10032;12;16
32;A1;R1;R1;05/13/2000 14:08:32;00:46:53.0110000;05/13/2000 14:55:25;10032;11;10
32;A1;R1;R1;05/13/2000 15:03:53;02:20:33.7520000;05/13/2000 17:24:27;10032;11;10
32;A1;R1;R1;05/13/2000 18:32:56;02:03:37.9650000;05/13/2000 20:36:34;10032;11;10
32;A1;R1;R1;05/13/2000 21:45:04;00:35:13.4530000;05/13/2000 22:20:17;10032;11;10
32;A2;R3;R3;05/13/2000 23:28:49;07:45:28.1010000;05/14/2000 07:14:17;10032;12;12
32;A1;R1;R1;05/14/2000 08:22:49;05:53:07.7440000;05/14/2000 14:15:57;10032;11;10
32;A1;R1;R1;05/14/2000 14:24:30;01:40:00.5690000;05/14/2000 16:04:31;10032;11;10
32;A1;R7;R1;05/14/2000 16:13:05;07:21:38.4960000;05/14/2000 23:34:44;10032;11;16
32;A2;R7;R4;05/15/2000 00:43:19;01:15:04.4940000;05/15/2000 01:58:23;10032;12;16
32;A2;R3;R3;05/15/2000 03:00:59;01:59:54.3310000;05/15/2000 05:00:53;10032;12;12
33;A1;R1;R1;03/10/2000 11:50:00;00:52:02.4780000;03/10/2000 12:42:02;10033;11;10
33;A1;R1;R1;03/10/2000 14:23:41;03:36:54.4670000;03/10/2000 18:00:35;10033;11;10
33;A2;R2;R2;03/10/2000 18:09:15;01:55:53.9460000;03/10/2000 20:05:09;10033;12;11
33;A2;R3;R4;03/10/2000 20:13:49;03:30:43.4310000;03/10/2000 23:44:33;10033;12;12
33;A1;R1;R1;03/10/2000 23:53:14;05:40:28.3440000;03/11/2000 05:33:42;10033;11;10
33;A1;R1;R1;03/11/2000 05:42:25;06:21:02.8180000;03/11/2000 12:03:27;10033;11;10
33;A1;R1;R1;03/11/2000 12:12:11;04:39:45.7590000;03/11/2000 16:51:57;10033;11;10
33;A2;R4;R7;03/11/2000 17:00:42;03:24:55.3070000;03/11/2000 20:25:37;10033;12;13
33;A2;R2;R4;03/11/2000 21:34:22;07:28:12.0210000;03/12/2000 05:02:34;10033;12;11
33;A1;R1;R1;03/12/2000 05:11:21;00:41:29.4000000;03/12/2000 05:52:50;10033;11;10
33;A2;R4;R7;03/12/2000 07:01:37;00:36:23.0920000;03/12/2000 07:38:00;10033;12;13
33;A1;R1;R1;03/12/2000 08:46:49;06:48:17.6430000;03/12/2000 15:35:06;10033;11;10
33;A2;R4;R2;03/12/2000 15:35:33;03:32:56.9600000;03/12/2000 19:08:30;10033;12;13
34;A1;R1;R7;03/18/2000 17:20:00;00:14:11.3540000;03/18/2000 17:34:11;10034;11;10
34;A1;R7;R1;03/18/2000 18:10:02;02:30:47.2170000;03/18/2000 20:40:49;10034;11;16
34;A1;R1;R1;03/18/2000 20:49:42;07:10:15.0170000;03/19/2000 03:59:57;10034;11;10
34;A2;R2;R2;03/19/2000 04:08:51;07:20:36.4890000;03/19/2000 11:29:27;10034;12;11
34;A1;R1;R1;03/19/2000 11:38:21;07:49:30.6970000;03/19/2000 19:27:52;10034;11;10
34;A1;R7;R7;03/19/2000 19:36:47;06:09:32.9040000;03/20/2000 01:46:20;10034;11;16
34;A2;R7;R3;03/20/2000 02:55:16;00:13:56.5280000;03/20/2000 03:09:13;10034;12;16
34;A1;R7;R7;03/20/2000 04:18:10;03:19:09.1450000;03/20/2000 07:37:19;10034;11;16
34;A1;R1;R1;03/20/2000 08:46:17;01:08:14.9250000;03/20/2000 09:54:32;10034;11;10
34;A1;R7;R7;03/20/2000 11:03:32;05:06:34.3650000;03/20/2000 16:10:06;10034;11;16
34;A1;R1;R1;03/20/2000 16:19:06;01:07:22.0810000;03/20/2000 17:26:28;10034;11;10
34;A1;R1;R1;03/20/2000 17:35:30;03:37:43.7600000;03/20/2000 21:13:14;10034;11;10
34;A2;R7;R2;03/20/2000 22:22:16;03:39:42.4000000;03/21/2000 02:01:59;10034;12;16
34;A2;R7;R2;03/21/2000 03:05:08;07:28:33.8750000;03/21/2000 10:33:42;10034;12;16
35;A1;R1;R7;12/29/2000 09:43:00;01:04:38.5480000;12/29/2000 10:47:38;10035;11;10
35;A1;R1;R1;12/29/2000 13:48:43;02:02:24.2160000;12/29/2000 15:51:07;10035;11;10
35;A1;R1;R1;12/29/2000 17:00:14;07:17:02.5870000;12/30/2000 00:17:17;10035;11;10
35;A1;R1;R1;12/30/2000 00:26:25;02:31:58.9290000;12/30/2000 02:58:23;10035;11;10
35;A2;R7;R3;12/30/2000 03:07:32;00:49:06.8500000;12/30/2000 03:56:39;10035;12;16
35;A1;R7;R1;12/30/2000 04:05:48;05:46:21.3220000;12/30/2000 09:52:10;10035;11;16
35;A1;R1;R1;12/30/2000 11:01:20;01:23:03.5290000;12/30/2000 12:24:23;10035;11;10
35;A1;R1;R1;12/30/2000 12:33:35;06:48:37.7600000;12/30/2000 19:22:12;10035;11;10
35;A1;R1;R7;12/30/2000 19:31:25;04:08:37.2200000;12/30/2000 23:40:02;10035;11;10
35;A1;R1;R1;12/30/2000 23:49:16;00:06:07.5080000;12/30/2000 23:55:23;10035;11;10
35;A2;R2;R2;12/31/2000 00:04:38;05:07:10.3200000;12/31/2000 05:11:48;10035;12;11
35;A1;R1;R1;12/31/2000 06:21:04;02:37:41.2320000;12/31/2000 08:58:45;10035;11;10
35;A1;R7;R7;12/31/2000 09:08:02;02:38:43.3290000;12/31/2000 11:46:45;10035;11;16
35;A1;R1;R1;12/31/2000 12:56:03;06:50:13.6740000;12/31/2000 19:46:16;10035;11;10
35;A2;R3;R7;12/31/2000 19:46:26;00:39:13.7900000;12/31/2000 20:25:40;10035;12;12
36;A1;R1;R7;11/11/2000 01:11:00;00:36:21.0540000;11/11/2000 01:47:21;10036;11;10
36;A2;R2;R3;11/11/2000 03:05:41;01:54:06.2920000;11/11/2000 04:59:47;10036;12;11
36;A1;R1;R1;11/11/2000 06:09:09;06:13:33.9200000;11/11/2000 12:22:42;10036;11;10
36;A1;R1;R1;11/11/2000 12:32:05;04:23:07.8290000;11/11/2000 16:55:13;10036;11;10
36;A2;R2;R2;11/11/2000 18:04:36;00:34:12.1070000;11/11/2000 18:38:48;10036;12;11
36;A2;R7;R3;11/11/2000 18:48:12;03:29:46.5990000;11/11/2000 22:17:59;10036;12;16
36;A1;R7;R1;11/11/2000 22:27:24;00:45:00.5840000;11/11/2000 23:12:25;10036;11;16
36;A1;R1;R1;11/11/2000 23:21:52;02:47:47.8130000;11/12/2000 02:09:39;10036;11;10
36;A1;R1;R1;11/12/2000 03:19:07;05:56:27.7550000;11/12/2000 09:15:35;10036;11;10
36;A1;R7;R7;11/12/2000 09:25:03;00:26:52.4670000;11/12/2000 09:51:56;10036;11;16
36;A1;R1;R1;11/12/2000 10:01:25;00:32:37.4380000;11/12/2000 10:34:03;10036;11;10
36;A2;R2;R3;11/12/2000 11:43:34;02:58:36.1390000;11/12/2000 14:42:10;10036;12;11
36;A2;R2;R4;11/12/2000 14:51:41;01:58:05.7310000;11/12/2000 16:49:46;10036;12;11
36;A1;R1;R1;11/12/2000 17:59:19;06:49:02.5660000;11/13/2000 00:48:21;10036;11;10
36;A1;R1;R1;11/13/2000 01:57:54;03:41:11.5490000;11/13/2000 05:39:06;10036;11;10
36;A1;R1;R1;11/13/2000 05:48:41;06:33:26.0280000;11/13/2000 12:22:07;10036;11;10
36;A1;R1;R1;11/13/2000 13:31:42;03:55:49.8330000;11/13/2000 17:27:31;10036;11;10
36;A2;R7;R3;11/13/2000 17:37:08;00:14:33.3170000;11/13/2000 17:51:41;10036;12;16
36;A1;R1;R7;11/13/2000 18:01:19;01:16:20.6680000;11/13/2000 19:17:39;10036;11;10
36;A1;R7;R1;11/13/2000 20:27:17;00:42:01.1170000;11/13/2000 21:09:19;10036;11;16
36;A2;R4;R2;11/13/2000 21:12:30;07:49:45.2100000;11/14/2000 05:02:15;10036;12;13
37;A1;R7;R1;05/30/2000 16:51:00;00:04:51.9510000;05/30/2000 16:55:51;10037;11;16
37;A2;R2;R3;05/30/2000 19:53:33;07:03:22.1990000;05/31/2000 02:56:55;10037;12;11
37;A1;R7;R1;05/31/2000 03:06:38;01:25:57.4140000;05/31/2000 04:32:35;10037;11;16
37;A2;R3;R2;05/31/2000 04:42:18;02:16:00.5460000;05/31/2000 06:58:19;10037;12;12
37;A2;R2;R3;05/31/2000 08:08:04;05:42:17.5580000;05/31/2000 13:50:21;10037;12;11
37;A2;R2;R2;05/31/2000 15:00:07;04:32:50.1940000;05/31/2000 19:32:57;10037;12;11
37;A2;R2;R4;05/31/2000 19:42:44;05:55:31.0410000;06/01/2000 01:38:15;10037;12;11
37;A2;R4;R4;06/01/2000 02:48:03;05:06:11.2610000;06/01/2000 07:54:14;10037;12;13
37;A1;R1;R1;06/01/2000 09:04:02;05:08:23.7740000;06/01/2000 14:12:26;10037;11;10
37;A2;R7;R7;06/01/2000 14:22:16;05:05:55.9830000;06/01/2000 19:28:12;10037;12;16
37;A2;R2;R2;06/01/2000 19:38:02;06:01:54.5610000;06/02/2000 01:39:57;10037;12;11
37;A2;R3;R2;06/02/2000 02:49:49;02:13:52.3670000;06/02/2000 05:03:41;10037;12;12
37;A2;R2;R4;06/02/2000 05:13:34;01:44:20.6050000;06/02/2000 06:57:54;10037;12;11
37;A2;R3;R2;06/02/2000 07:00:57;03:49:05.1540000;06/02/2000 10:50:02;10037;12;12
38;A1;R1;R1;11/27/2000 12:05:00;03:26:45.8920000;11/27/2000 15:31:45;10038;11;10
38;A2;R4;R4;11/27/2000 16:44:41;00:36:12.3970000;11/27/2000 17:20:53;10038;12;13
38;A1;R1;R1;11/27/2000 18:30:50;05:01:30.1020000;11/27/2000 23:32:20;10038;11;10
38;A1;R7;R1;11/28/2000 00:42:17;05:59:22.6230000;11/28/2000 06:41:40;10038;11;16
38;A2;R2;R3;11/28/2000 06:51:38;01:27:47.4300000;11/28/2000 08:19:25;10038;12;11
38;A1;R1;R1;11/28/2000 09:29:24;00:59:06.2220000;11/28/2000 10:28:30;10038;11;10
38;A1;R1;R1;11/28/2000 10:38:31;05:54:11.4470000;11/28/2000 16:32:42;10038;11;10
38;A2;R3;R3;11/28/2000 17:42:44;03:32:21.0120000;11/28/2000 21:15:05;10038;12;12
38;A2;R7;R2;11/28/2000 22:25:07;07:14:52.9860000;11/29/2000 05:40:00;10038;12;16
38;A2;R7;R4;11/29/2000 05:50:03;06:56:01.0080000;11/29/2000 12:46:04;10038;12;16
38;A1;R1;R1;11/29/2000 12:56:09;07:29:32.9330000;11/29/2000 20:25:42;10038;11;10
38;A1;R1;R1;11/29/2000 21:35:47;05:51:16.6520000;11/30/2000 03:27:04;10038;11;10
38;A2;R2;R2;11/30/2000 03:37:10;04:24:05.1530000;11/30/2000 08:01:15;10038;12;11
38;A2;R4;R2;11/30/2000 09:04:34;00:23:12.2600000;11/30/2000 09:27:46;10038;12;13
39;A1;R7;R1;04/28/2000 15:32:00;05:53:09.5470000;04/28/2000 21:25:09;10039;11;16
39;A1;R1;R1;04/28/2000 22:34:18;07:59:02.1370000;04/29/2000 06:33:21;10039;11;10
39;A1;R1;R1;04/29/2000 06:43:31;06:40:57.5360000;04/29/2000 13:24:28;10039;11;10
39;A2;R3;R2;04/29/2000 13:34:40;02:44:11.0420000;04/29/2000 16:18:51;10039;12;12
39;A1;R1;R1;04/29/2000 17:29:04;01:31:29.0410000;04/29/2000 19:00:33;10039;11;10
39;A1;R1;R1;04/29/2000 20:10:46;04:03:15.6750000;04/30/2000 00:14:02;10039;11;10
39;A1;R1;R1;04/30/2000 01:24:16;04:29:15.6090000;04/30/2000 05:53:32;10039;11;10
39;A1;R1;R1;04/30/2000 07:03:48;06:03:50.0090000;04/30/2000 13:07:38;10039;11;10
39;A2;R7;R2;04/30/2000 13:17:54;04:40:07.1050000;04/30/2000 17:58:01;10039;12;16
39;A1;R1;R7;04/30/2000 18:08:18;07:46:45.0600000;05/01/2000 01:55:03;10039;11;10
39;A2;R2;R7;05/01/2000 02:05:21;00:32:16.1320000;05/01/2000 02:37:38;10039;12;11
39;A2;R2;R3;05/01/2000 03:47:57;02:12:37.0390000;05/01/2000 06:00:34;10039;12;11
39;A2;R2;R2;05/01/2000 07:10:54;04:00:34.1120000;05/01/2000 11:11:28;10039;12;11
39;A1;R1;R1;05/01/2000 12:21:49;00:43:40.5010000;05/01/2000 13:05:30;10039;11;10
39;A2;R7;R7;05/01/2000 13:15:52;07:58:35.2430000;05/01/2000 21:14:27;10039;12;16
39;A1;R1;R1;05/01/2000 21:24:50;01:54:44.9580000;05/01/2000 23:19:35;10039;11;10
39;A2;R3;R4;05/02/2000 00:21:56;07:41:55.4990000;05/02/2000 08:03:51;10039;12;12
40;A1;R1;R1;10/15/2000 23:15:00;07:48:04.3010000;10/16/2000 07:03:04;10040;11;10
40;A2;R4;R2;10/16/2000 09:09:31;00:07:05.0450000;10/16/2000 09:16:36;10040;12;13
40;A2;R2;R2;10/16/2000 10:27:03;02:11:46.6000000;10/16/2000 12:38:49;10040;12;11
40;A2;R7;R2;10/16/2000 12:49:18;05:56:15.8980000;10/16/2000 18:45:34;10040;12;16
40;A1;R1;R7;10/16/2000 18:56:04;06:33:17.2480000;10/17/2000 01:29:21;10040;11;10
40;A1;R7;R1;10/17/2000 02:39:52;05:42:56.1960000;10/17/2000 08:22:48;10040;11;16
40;A1;R1;R7;10/17/2000 09:33:19;01:53:14.3530000;10/17/2000 11:26:33;10040;11;10
40;A1;R1;R1;10/17/2000 11:37:06;02:00:55.0760000;10/17/2000 13:38:01;10040;11;10
40;A2;R7;R4;10/17/2000 13:48:35;04:40:14.3730000;10/17/2000 18:28:49;10040;12;16
40;A1;R1;R1;10/17/2000 18:39:23;05:00:20.5960000;10/17/2000 23:39:44;10040;11;10
40;A1;R1;R1;10/17/2000 23:50:19;02:52:29.6200000;10/18/2000 02:42:49;10040;11;10
40;A1;R1;R1;10/18/2000 03:53:25;05:04:36.8550000;10/18/2000 08:58:02;10040;11;10
40;A2;R2;R4;10/18/2000 10:08:39;00:28:52.5040000;10/18/2000 10:37:32;10040;12;11
40;A2;R7;R7;10/18/2000 11:40:45;04:59:23.3370000;10/18/2000 16:40:09;10040;12;16
41;A1;R1;R1;03/20/2000 16:09:00;07:23:31.2300000;03/20/2000 23:32:31;10041;11;10
41;A1;R7;R1;03/21/2000 02:31:11;07:25:16.8310000;03/21/2000 09:56:28;10041;11;16
41;A1;R1;R7;03/21/2000 10:07:09;00:13:52.2430000;03/21/2000 10:21:01;10041;11;10
41;A2;R2;R2;03/21/2000 11:31:44;07:58:43.5520000;03/21/2000 19:30:27;10041;12;11
41;A1;R7;R7;03/21/2000 20:41:11;04:39:45.9940000;03/22/2000 01:20:57;10041;11;16
41;A1;R1;R1;03/22/2000 01:31:42;04:45:51.4660000;03/22/2000 06:17:33;10041;11;10
41;A1;R1;R1;03/22/2000 07:28:19;06:46:49.3250000;03/22/2000 14:15:08;10041;11;10
41;A1;R1;R1;03/22/2000 15:25:54;06:09:06.9090000;03/22/2000 21:35:01;10041;11;10
41;A2;R7;R2;03/22/2000 22:45:49;05:42:02.3660000;03/23/2000 04:27:51;10041;12;16
41;A1;R1;R1;03/23/2000 05:38:39;01:40:34.5230000;03/23/2000 07:19:14;10041;11;10
41;A2;R3;R7;03/23/2000 07:30:03;05:12:33.2660000;03/23/2000 12:42:37;10041;12;12
41;A2;R3;R7;03/23/2000 12:53:27;00:17:13.6760000;03/23/2000 13:10:41;10041;12;12
41;A2;R3;R3;03/23/2000 13:21:32;06:52:56.1450000;03/23/2000 20:14:29;10041;12;12
41;A1;R1;R1;03/23/2000 20:25:21;05:43:33.8290000;03/24/2000 02:08:55;10041;11;10
41;A2;R2;R3;03/24/2000 02:19:49;04:29:53.4420000;03/24/2000 06:49:42;10041;12;11
41;A1;R1;R1;03/24/2000 07:00:36;05:48:53.5860000;03/24/2000 12:49:30;10041;11;10
41;A2;R7;R4;03/24/2000 12:50:49;07:13:59.2210000;03/24/2000 20:04:49;10041;12;16
42;A1;R1;R1;05/09/2000 17:07:00;02:08:18.9490000;05/09/2000 19:15:18;10042;11;10
42;A1;R1;R1;05/09/2000 20:19:16;06:10:16.1870000;05/10/2000 02:29:32;10042;11;10
42;A2;R7;R3;05/10/2000 02:40:30;06:33:44.7200000;05/10/2000 09:14:15;10042;12;16
42;A2;R4;R4;05/10/2000 10:25:15;00:38:07.6760000;05/10/2000 11:03:22;10042;12;13
42;A1;R1;R1;05/10/2000 12:14:23;03:14:03.6480000;05/10/2000 15:28:27;10042;11;10
42;A1;R7;R1;05/10/2000 15:39:28;05:47:15.8970000;05/10/2000 21:26:44;10042;11;16
42;A1;R1;R1;05/10/2000 21:37:46;05:40:15.2910000;05/11/2000 03:18:01;10042;11;10
42;A2;R2;R3;05/11/2000 03:29:04;07:31:24.6690000;05/11/2000 11:00:29;10042;12;11
42;A2;R7;R7;05/11/2000 11:11:33;04:05:38.2210000;05/11/2000 15:17:11;10042;12;16
42;A1;R7;R1;05/11/2000 15:28:17;03:41:16.7120000;05/11/2000 19:09:34;10042;11;16
42;A2;R4;R3;05/11/2000 19:20:41;01:12:15.5280000;05/11/2000 20:32:56;10042;12;13
42;A1;R7;R1;05/11/2000 20:44:03;00:25:05.2570000;05/11/2000 21:09:08;10042;11;16
42;A2;R3;R3;05/11/2000 21:11:35;06:43:58.5690000;05/12/2000 03:55:34;10042;12;12
43;A1;R1;R1;08/27/2000 17:21:00;01:38:31.0330000;08/27/2000 18:59:31;10043;11;10
43;A2;R4;R3;08/27/2000 20:34:41;02:20:03.3770000;08/27/2000 22:54:44;10043;12;13
43;A1;R1;R1;08/28/2000 00:05:56;06:39:53.9480000;08/28/2000 06:45:50;10043;11;10
43;A1;R1;R1;08/28/2000 07:57:02;02:54:04.2890000;08/28/2000 10:51:06;10043;11;10
43;A2;R2;R2;08/28/2000 11:02:20;07:24:33.1310000;08/28/2000 18:26:53;10043;12;11
43;A2;R4;R3;08/28/2000 19:38:07;03:15:15.3230000;08/28/2000 22:53:22;10043;12;13
43;A1;R1;R1;08/28/2000 23:04:38;00:04:22.2950000;08/28/2000 23:09:00;10043;11;10
43;A1;R1;R1;08/29/2000 00:20:16;00:11:02.9580000;08/29/2000 00:31:19;10043;11;10
43;A1;R7;R1;08/29/2000 00:42:36;02:50:42.0830000;08/29/2000 03:33:18;10043;11;16
43;A1;R1;R7;08/29/2000 04:44:36;07:43:02.6140000;08/29/2000 12:27:39;10043;11;10
43;A1;R7;R1;08/29/2000 13:38:58;02:19:11.1810000;08/29/2000 15:58:09;10043;11;16
43;A2;R3;R2;08/29/2000 16:09:30;00:28:45.4390000;08/29/2000 16:38:15;10043;12;12
43;A2;R2;R4;08/29/2000 16:49:36;07:20:09.2020000;08/30/2000 00:09:46;10043;12;11
43;A1;R1;R1;08/30/2000 00:21:08;02:13:35.9380000;08/30/2000 02:34:44;10043;11;10
43;A1;R7;R1;08/30/2000 02:46:07;06:49:11.0470000;08/30/2000 09:35:18;10043;11;16
43;A1;R1;R1;08/30/2000 09:46:42;07:38:48.1860000;08/30/2000 17:25:30;10043;11;10
43;A1;R1;R7;08/30/2000 18:36:56;00:02:54.5510000;08/30/2000 18:39:50;10043;11;10
43;A2;R4;R4;08/30/2000 18:51:17;00:32:58.8090000;08/30/2000 19:24:16;10043;12;13
43;A1;R1;R1;08/30/2000 19:35:43;04:17:54.4510000;08/30/2000 23:53:38;10043;11;10
43;A1;R1;R1;08/31/2000 00:05:06;04:55:53.1070000;08/31/2000 05:00:59;10043;11;10
43;A2;R2;R3;08/31/2000 06:03:50;07:33:50.5150000;08/31/2000 13:37:40;10043;12;11
44;A1;R7;R1;04/20/2000 15:04:00;07:34:13.5130000;04/20/2000 22:38:13;10044;11;16
44;A2;R2;R4;04/21/2000 00:05:44;07:14:37.8190000;04/21/2000 07:20:22;10044;12;11
44;A2;R4;R2;04/21/2000 07:31:55;02:46:26.1390000;04/21/2000 10:18:21;10044;12;13
44;A2;R2;R2;04/21/2000 10:29:54;02:59:11.8130000;04/21/2000 13:29:06;10044;12;11
44;A1;R1;R1;04/21/2000 13:40:41;03:12:08.0320000;04/21/2000 16:52:49;10044;11;10
44;A1;R7;R1;04/21/2000 17:04:24;05:33:39.5470000;04/21/2000 22:38:04;10044;11;16
44;A1;R1;R1;04/21/2000 22:49:41;05:31:32.1330000;04/22/2000 04:21:13;10044;11;10
44;A1;R1;R1;04/22/2000 05:32:50;02:59:13.3030000;04/22/2000 08:32:03;10044;11;10
44;A2;R7;R2;04/22/2000 08:43:42;03:07:37.2870000;04/22/2000 11:51:19;10044;12;16
44;A1;R1;R1;04/22/2000 13:02:58;06:58:11.8710000;04/22/2000 20:01:10;10044;11;10
44;A1;R1;R1;04/22/2000 20:12:51;06:34:01.7060000;04/23/2000 02:46:52;10044;11;10
44;A1;R1;R1;04/23/2000 02:58:34;05:17:19.5950000;04/23/2000 08:15:54;10044;11;10
44;A2;R4;R7;04/23/2000 09:27:36;07:18:19.7650000;04/23/2000 16:45:56;10044;12;13
44;A2;R2;R3;04/23/2000 16:46:16;04:25:35.4480000;04/23/2000 21:11:52;10044;12;11
45;A1;R1;R1;08/10/2000 18:52:00;03:10:12.5180000;08/10/2000 22:02:12;10045;11;10
45;A2;R2;R3;08/10/2000 23:43:57;06:17:07.2700000;08/11/2000 06:01:05;10045;12;11
45;A1;R1;R1;08/11/2000 06:12:51;02:13:15.9710000;08/11/2000 08:26:07;10045;11;10
45;A2;R2;R2;08/11/2000 08:37:54;01:38:15.2170000;08/11/2000 10:16:10;10045;12;11
45;A2;R7;R7;08/11/2000 10:27:58;01:09:11.2690000;08/11/2000 11:37:09;10045;12;16
45;A2;R2;R2;08/11/2000 11:48:59;02:47:41.5120000;08/11/2000 14:36:41;10045;12;11
45;A2;R2;R2;08/11/2000 14:48:31;00:10:27.0160000;08/11/2000 14:58:58;10045;12;11
45;A2;R2;R3;08/11/2000 15:10:49;07:04:58.4470000;08/11/2000 22:15:48;10045;12;11
45;A1;R1;R1;08/11/2000 22:27:40;01:36:23.9760000;08/12/2000 00:04:04;10045;11;10
45;A2;R4;R7;08/12/2000 01:15:57;06:34:55.6730000;08/12/2000 07:50:53;10045;12;13
45;A2;R2;R4;08/12/2000 09:02:47;05:40:33.5620000;08/12/2000 14:43:21;10045;12;11
45;A2;R4;R4;08/12/2000 14:55:16;04:21:12.6740000;08/12/2000 19:16:29;10045;12;13
45;A2;R4;R4;08/12/2000 20:28:25;00:29:21.8680000;08/12/2000 20:57:47;10045;12;13
45;A2;R3;R7;08/12/2000 20:58:22;04:27:12.7880000;08/13/2000 01:25:34;10045;12;12
46;A1;R1;R1;03/05/2000 13:37:00;04:07:00.5880000;03/05/2000 17:44:00;10046;11;10
46;A2;R7;R2;03/05/2000 20:05:00;01:46:22.7690000;03/05/2000 21:51:22;10046;12;16
46;A1;R1;R1;03/05/2000 22:03:23;06:38:01.6150000;03/06/2000 04:41:25;10046;11;10
46;A1;R1;R1;03/06/2000 05:53:26;04:19:08.6990000;03/06/2000 10:12:35;10046;11;10
46;A2;R7;R4;03/06/2000 11:24:37;07:31:07.1980000;03/06/2000 18:55:44;10046;12;16
46;A2;R3;R3;03/06/2000 20:07:47;07:59:38.4710000;03/07/2000 04:07:26;10046;12;12
46;A1;R1;R1;03/07/2000 04:19:30;06:54:52.0890000;03/07/2000 11:14:22;10046;11;10
46;A1;R7;R1;03/07/2000 11:26:28;04:48:37.1980000;03/07/2000 16:15:05;10046;11;16
46;A1;R1;R1;03/07/2000 17:27:11;03:11:47.8290000;03/07/2000 20:38:59;10046;11;10
46;A1;R7;R1;03/07/2000 20:51:06;04:41:13.4510000;03/08/2000 01:32:20;10046;11;16
46;A1;R1;R1;03/08/2000 01:44:28;01:20:40.6770000;03/08/2000 03:05:09;10046;11;10
46;A2;R4;R3;03/08/2000 04:17:18;04:58:44.6340000;03/08/2000 09:16:03;10046;12;13
46;A2;R3;R2;03/08/2000 10:28:13;05:23:42.0180000;03/08/2000 15:51:55;10046;12;12
46;A1;R1;R7;03/08/2000 17:04:07;05:50:02.8910000;03/08/2000 22:54:10;10046;11;10
46;A1;R1;R1;03/08/2000 23:06:23;05:38:32.5370000;03/09/2000 04:44:55;10046;11;10
46;A1;R7;R1;03/09/2000 05:57:08;04:37:01.9330000;03/09/2000 10:34:10;10046;11;16
46;A1;R1;R1;03/09/2000 10:46:25;00:19:19.9810000;03/09/2000 11:05:45;10046;11;10
46;A2;R7;R2;03/09/2000 11:18:00;03:01:33.3310000;03/09/2000 14:19:33;10046;12;16
46;A1;R1;R1;03/09/2000 14:31:49;02:25:41.5450000;03/09/2000 16:57:31;10046;11;10
46;A1;R1;R1;03/09/2000 17:09:48;07:18:18.8620000;03/10/2000 00:28:07;10046;11;10
46;A2;R2;R2;03/10/2000 00:30:48;00:46:42.1680000;03/10/2000 01:17:30;10046;12;11
47;A1;R1;R1;02/13/2000 23:12:00;05:28:44.8900000;02/14/2000 04:40:44;10047;11;10
47;A1;R1;R1;02/14/2000 07:15:05;01:09:25.7640000;02/14/2000 08:24:30;10047;11;10
47;A2;R7;R3;02/14/2000 08:36:51;02:08:38.2530000;02/14/2000 10:45:30;10047;12;16
47;A2;R2;R3;02/14/2000 11:57:52;06:06:53.9620000;02/14/2000 18:04:46;10047;12;11
47;A1;R1;R1;02/14/2000 18:17:10;02:23:28.1480000;02/14/2000 20:40:38;10047;11;10
47;A1;R1;R1;02/14/2000 21:53:03;06:26:21.2120000;02/15/2000 04:19:24;10047;11;10
47;A1;R1;R7;02/15/2000 05:31:49;00:42:10.5020000;02/15/2000 06:13:59;10047;11;10
47;A2;R4;R4;02/15/2000 07:26:26;03:25:03.3420000;02/15/2000 10:51:29;10047;12;13
47;A2;R2;R7;02/15/2000 11:03:56;07:32:49.4630000;02/15/2000 18:36:46;10047;12;11
47;A1;R1;R7;02/15/2000 19:49:14;02:51:48.6680000;02/15/2000 22:41:03;10047;11;10
47;A2;R2;R7;02/15/2000 22:53:32;07:12:31.0440000;02/16/2000 06:06:03;10047;12;11
47;A1;R7;R1;02/16/2000 06:18:33;04:36:04.3010000;02/16/2000 10:54:38;10047;11;16
47;A2;R2;R2;02/16/2000 10:55:50;05:09:33.8230000;02/16/2000 16:05:24;10047;12;11
48;A1;R1;R1;12/14/2000 23:03:00;00:15:36.8510000;12/14/2000 23:18:36;10048;11;10
48;A1;R1;R1;12/15/2000 00:48:10;03:08:47.0810000;12/15/2000 03:56:57;10048;11;10
48;A1;R1;R1;12/15/2000 05:09:31;04:07:49.5960000;12/15/2000 09:17:21;10048;11;10
48;A2;R2;R4;12/15/2000 09:29:56;00:25:48.6530000;12/15/2000 09:55:45;10048;12;11
48;A1;R7;R1;12/15/2000 10:08:21;06:25:47.9030000;12/15/2000 16:34:09;10048;11;16
48;A2;R2;R3;12/15/2000 16:46:47;00:49:38.1280000;12/15/2000 17:36:25;10048;12;11
48;A1;R1;R1;12/15/2000 17:49:03;05:21:17.7460000;12/15/2000 23:10:21;10048;11;10
48;A1;R1;R7;12/16/2000 00:23:00;02:58:26.2210000;12/16/2000 03:21:26;10048;11;10
48;A2;R2;R2;12/16/2000 04:34:07;06:18:26.3050000;12/16/2000 10:52:33;10048;12;11
48;A2;R7;R4;12/16/2000 11:05:14;00:59:26.5910000;12/16/2000 12:04:41;10048;12;16
48;A1;R1;R1;12/16/2000 12:17:24;00:11:09.8540000;12/16/2000 12:28:33;10048;11;10
48;A1;R7;R7;12/16/2000 13:41:16;00:29:01.1410000;12/16/2000 14:10:18;10048;11;16
48;A2;R3;R7;12/16/2000 15:23:02;04:58:56.1640000;12/16/2000 20:21:58;10048;12;12
48;A1;R1;R1;12/16/2000 20:34:44;05:49:02.9910000;12/17/2000 02:23:47;10048;11;10
48;A1;R1;R1;12/17/2000 02:36:33;00:20:07;12/17/2000 02:56:40;10048;11;10
48;A2;R7;R4;12/17/2000 04:09:27;05:14:38.3270000;12/17/2000 09:24:06;10048;12;16
48;A1;R1;R1;12/17/2000 10:36:54;02:14:58.5440000;12/17/2000 12:51:53;10048;11;10
48;A1;R1;R7;12/17/2000 13:04:42;04:55:43.4920000;12/17/2000 18:00:25;10048;11;10
48;A2;R2;R2;12/17/2000 18:13:16;03:15:57.9300000;12/17/2000 21:29:14;10048;12;11
48;A2;R4;R2;12/17/2000 21:42:05;02:26:59.1480000;12/18/2000 00:09:05;10048;12;13
48;A2;R2;R2;12/18/2000 01:21:57;06:43:46.3680000;12/18/2000 08:05:43;10048;12;11
48;A2;R2;R2;12/18/2000 09:07:55;02:36:21.2900000;12/18/2000 11:44:17;10048;12;11
49;A1;R1;R1;02/11/2000 21:29:00;07:13:29.0980000;02/12/2000 04:42:29;10049;11;10
49;A1;R1;R7;02/12/2000 05:26:24;02:39:33.6790000;02/12/2000 08:05:57;10049;11;10
49;A1;R1;R1;02/12/2000 09:18:54;02:31:20.6110000;02/12/2000 11:50:14;10049;11;10
49;A2;R4;R4;02/12/2000 13:03:12;01:46:09.8430000;02/12/2000 14:49:22;10049;12;13
49;A1;R1;R1;02/12/2000 15:02:20;02:05:00.0630000;02/12/2000 17:07:20;10049;11;10
49;A1;R7;R1;02/12/2000 17:20:19;03:58:47.9670000;02/12/2000 21:19:07;10049;11;16
49;A2;R2;R3;02/12/2000 22:32:08;00:06:42.2390000;02/12/2000 22:38:50;10049;12;11
49;A1;R1;R1;02/12/2000 23:51:51;04:37:43.3650000;02/13/2000 04:29:34;10049;11;10
49;A1;R1;R1;02/13/2000 04:42:37;03:00:06.8850000;02/13/2000 07:42:44;10049;11;10
49;A1;R1;R1;02/13/2000 07:55:48;03:04:56.6980000;02/13/2000 11:00:44;10049;11;10
49;A1;R1;R1;02/13/2000 12:13:49;04:19:18.2270000;02/13/2000 16:33:07;10049;11;10
49;A1;R7;R1;02/13/2000 17:46:12;05:17:10.3650000;02/13/2000 23:03:23;10049;11;16
49;A2;R3;R7;02/14/2000 00:16:29;03:59:18.6430000;02/14/2000 04:15:48;10049;12;12
49;A2;R2;R2;02/14/2000 04:17:08;01:47:17.2500000;02/14/2000 06:04:26;10049;12;11
50;A1;R1;R7;09/18/2000 19:31:00;00:26:40.5380000;09/18/2000 19:57:40;10050;11;10
50;A1;R1;R1;09/18/2000 20:40:49;01:19:40.7220000;09/18/2000 22:00:30;10050;11;10
50;A1;R1;R7;09/18/2000 22:13:40;01:07:13.0870000;09/18/2000 23:20:53;10050;11;10
50;A2;R2;R3;09/19/2000 00:34:04;06:02:23.1840000;09/19/2000 06:36:27;10050;12;11
50;A1;R1;R1;09/19/2000 07:49:39;06:34:18.3130000;09/19/2000 14:23:58;10050;11;10
50;A2;R2;R3;09/19/2000 15:37:11;06:34:59.9910000;09/19/2000 22:12:11;10050;12;11
50;A1;R1;R7;09/19/2000 22:25:25;00:26:39.9270000;09/19/2000 22:52:05;10050;11;10
50;A1;R7;R1;09/20/2000 00:05:20;05:42:54.0550000;09/20/2000 05:48:14;10050;11;16
50;A2;R2;R4;09/20/2000 07:01:31;06:20:49.1670000;09/20/2000 13:22:20;10050;12;11
50;A2;R3;R7;09/20/2000 13:35:37;05:16:43.3040000;09/20/2000 18:52:21;10050;12;12
50;A1;R1;R1;09/20/2000 19:05:39;07:18:07.6120000;09/21/2000 02:23:46;10050;11;10
50;A1;R7;R1;09/21/2000 03:37:06;02:10:26.6150000;09/21/2000 05:47:33;10050;11;16
50;A2;R2;R2;09/21/2000 06:00:53;01:10:58.4680000;09/21/2000 07:11:51;10050;12;11
50;A1;R1;R7;09/21/2000 07:25:12;04:37:00.7780000;09/21/2000 12:02:13;10050;11;10
50;A1;R7;R1;09/21/2000 12:15:35;07:03:50.6740000;09/21/2000 19:19:26;10050;11;16
50;A2;R3;R2;09/21/2000 19:32:49;00:54:15.8670000;09/21/2000 20:27:05;10050;12;12
50;A1;R1;R1;09/21/2000 21:40:30;02:48:42.4800000;09/22/2000 00:29:12;10050;11;10
50;A1;R1;R1;09/22/2000 01:42:37;07:27:16.7990000;09/22/2000 09:09:54;10050;11;10
50;A2;R7;R4;09/22/2000 09:23:20;06:57:20.5340000;09/22/2000 16:20:41;10050;12;16
50;A2;R7;R2;09/22/2000 16:34:08;06:00:58.2320000;09/22/2000 22:35:06;10050;12;16
50;A2;R3;R7;09/22/2000 22:48:35;01:05:54.2180000;09/22/2000 23:54:29;10050;12;12
50;A2;R2;R4;09/23/2000 00:55:57;00:31:24.0300000;09/23/2000 01:27:21;10050;12;11
51;A1;R1;R7;09/25/2000 21:39:00;03:35:54.0880000;09/26/2000 01:14:54;10051;11;10
51;A1;R7;R1;09/26/2000 01:31:25;05:53:45.7930000;09/26/2000 07:25:11;10051;11;16
51;A1;R7;R1;09/26/2000 07:38:43;06:25:32.5190000;09/26/2000 14:04:16;10051;11;16
51;A2;R3;R2;09/26/2000 14:17:49;06:39:17.8830000;09/26/2000 20:57:07;10051;12;12
51;A1;R7;R1;09/26/2000 21:10:41;05:41:22.6310000;09/27/2000 02:52:04;10051;11;16
51;A1;R1;R1;09/27/2000 04:05:39;03:34:49.1210000;09/27/2000 07:40:28;10051;11;10
51;A1;R1;R1;09/27/2000 08:54:05;00:55:09.6170000;09/27/2000 09:49:15;10051;11;10
51;A1;R1;R1;09/27/2000 10:02:52;04:59:18.9020000;09/27/2000 15:02:11;10051;11;10
51;A2;R4;R4;09/27/2000 15:15:49;02:06:16.3280000;09/27/2000 17:22:05;10051;12;13
51;A1;R1;R1;09/27/2000 18:35:45;07:18:46.2830000;09/28/2000 01:54:31;10051;11;10
51;A2;R3;R3;09/28/2000 02:08:11;06:56:32.7470000;09/28/2000 09:04:44;10051;12;12
51;A2;R4;R2;09/28/2000 09:18:25;04:59:55.1510000;09/28/2000 14:18:20;10051;12;13
51;A2;R2;R4;09/28/2000 15:32:03;01:26:14.0170000;09/28/2000 16:58:17;10051;12;11
51;A1;R1;R1;09/28/2000 18:12:00;03:12:41.3850000;09/28/2000 21:24:41;10051;11;10
51;A2;R7;R2;09/28/2000 22:38:26;04:41:05.6460000;09/29/2000 03:19:32;10051;12;16
51;A1;R1;R1;09/29/2000 04:33:17;03:31:09.2310000;09/29/2000 08:04:26;10051;11;10
51;A2;R2;R2;09/29/2000 08:05:46;00:20:16.7370000;09/29/2000 08:26:02;10051;12;11
52;A1;R1;R1;08/02/2000 22:59:00;00:46:09.9380000;08/02/2000 23:45:09;10052;11;10
52;A1;R1;R1;08/03/2000 00:51:57;06:34:23.4350000;08/03/2000 07:26:21;10052;11;10
52;A1;R1;R1;08/03/2000 08:40:10;06:33:28.7770000;08/03/2000 15:13:39;10052;11;10
52;A1;R1;R1;08/03/2000 15:27:29;06:02:36.5040000;08/03/2000 21:30:05;10052;11;10
52;A2;R4;R2;08/03/2000 22:43:57;05:21:09.0580000;08/04/2000 04:05:06;10052;12;13
52;A1;R1;R1;08/04/2000 04:18:59;01:19:18.1050000;08/04/2000 05:38:17;10052;11;10
52;A1;R1;R1;08/04/2000 05:52:11;05:14:31.5990000;08/04/2000 11:06:42;10052;11;10
52;A1;R7;R1;08/04/2000 12:20:37;02:16:20.3040000;08/04/2000 14:36:57;10052;11;16
52;A1;R7;R1;08/04/2000 15:50:52;07:02:34.7610000;08/04/2000 22:53:27;10052;11;16
52;A1;R1;R7;08/04/2000 23:07:23;05:18:15.6440000;08/05/2000 04:25:39;10052;11;10
52;A2;R7;R2;08/05/2000 05:39:36;01:36:05.9320000;08/05/2000 07:15:42;10052;12;16
52;A1;R1;R1;08/05/2000 08:29:40;07:08:53.4840000;08/05/2000 15:38:34;10052;11;10
52;A1;R1;R1;08/05/2000 15:52:34;04:07:22.0680000;08/05/2000 19:59:56;10052;11;10
52;A1;R1;R7;08/05/2000 21:13:56;01:59:37.1280000;08/05/2000 23:13:33;10052;11;10
52;A2;R7;R2;08/05/2000 23:16:09;07:04:07.6460000;08/06/2000 06:20:16;10052;12;16
53;A1;R1;R1;11/01/2000 19:30:00;01:29:30.1690000;11/01/2000 20:59:30;10053;11;10
53;A1;R1;R1;11/01/2000 22:45:33;02:05:33.0030000;11/02/2000 00:51:06;10053;11;10
53;A1;R1;R1;11/02/2000 02:05:10;06:57:49.7550000;11/02/2000 09:03:00;10053;11;10
53;A2;R2;R2;11/02/2000 10:17:05;02:21:31.5610000;11/02/2000 12:38:37;10053;12;11
53;A1;R1;R1;11/02/2000 12:52:44;00:03:53.1760000;11/02/2000 12:56:37;10053;11;10
53;A2;R4;R3;11/02/2000 13:10:44;07:01:11.7710000;11/02/2000 20:11:56;10053;12;13
53;A1;R1;R1;11/02/2000 20:26:05;02:12:11.3380000;11/02/2000 22:38:16;10053;11;10
53;A1;R1;R1;11/02/2000 22:52:25;00:39:15.9830000;11/02/2000 23:31:41;10053;11;10
53;A2;R2;R2;11/02/2000 23:45:51;03:24:15.5480000;11/03/2000 03:10:07;10053;12;11
53;A2;R3;R7;11/03/2000 04:24:18;03:17:25.4960000;11/03/2000 07:41:44;10053;12;12
53;A1;R1;R1;11/03/2000 08:55:56;04:11:55.4670000;11/03/2000 13:07:52;10053;11;10
53;A1;R1;R1;11/03/2000 13:22:05;01:00:51.3620000;11/03/2000 14:22:57;10053;11;10
53;A2;R2;R3;11/03/2000 15:37:11;00:26:34.7970000;11/03/2000 16:03:46;10053;12;11
53;A1;R1;R1;11/03/2000 17:18:01;01:49:01.9090000;11/03/2000 19:07:03;10053;11;10
53;A1;R1;R1;11/03/2000 20:21:19;01:19:30.0670000;11/03/2000 21:40:49;10053;11;10
53;A2;R3;R2;11/03/2000 21:55:06;01:56:06.8570000;11/03/2000 23:51:13;10053;12;12
53;A1;R1;R7;11/04/2000 00:05:32;02:14:31.9140000;11/04/2000 02:20:03;10053;11;10
53;A1;R1;R1;11/04/2000 03:34:23;00:51:25.6070000;11/04/2000 04:25:48;10053;11;10
53;A2;R4;R2;11/04/2000 05:40:08;07:35:28.7360000;11/04/2000 13:15:37;10053;12;13
53;A2;R4;R2;11/04/2000 14:29:58;02:38:22.6950000;11/04/2000 17:08:21;10053;12;13
53;A2;R4;R4;11/04/2000 18:22:43;02:49:13.8920000;11/04/2000 21:11:57;10053;12;13
53;A2;R2;R3;11/04/2000 21:13:11;02:19:26.3290000;11/04/2000 23:32:37;10053;12;11
54;A1;R1;R1;09/15/2000 16:59:00;05:21:18.3060000;09/15/2000 22:20:18;10054;11;10
54;A1;R1;R1;09/16/2000 00:56:43;04:39:02.6290000;09/16/2000 05:35:46;10054;11;10
54;A1;R1;R1;09/16/2000 05:50:12;04:35:03.8500000;09/16/2000 10:25:16;10054;11;10
54;A2;R7;R2;09/16/2000 11:39:43;06:08:56.9370000;09/16/2000 17:48:40;10054;12;16
54;A1;R1;R1;09/16/2000 19:03:09;01:12:26.9880000;09/16/2000 20:15:36;10054;11;10
54;A1;R1;R7;09/16/2000 21:30:06;03:45:10.5220000;09/17/2000 01:15:16;10054;11;10
54;A2;R4;R3;09/17/2000 01:29:47;04:48:53.6210000;09/17/2000 06:18:40;10054;12;13
54;A1;R1;R1;09/17/2000 06:33:12;03:55:02.1170000;09/17/2000 10:28:14;10054;11;10
54;A1;R1;R7;09/17/2000 10:42:46;00:16:58.5980000;09/17/2000 10:59:45;10054;11;10
54;A1;R1;R1;09/17/2000 12:14:19;07:37:31.9660000;09/17/2000 19:51:51;10054;11;10
54;A1;R1;R1;09/17/2000 21:06:25;03:52:10.7340000;09/18/2000 00:58:36;10054;11;10
54;A1;R1;R1;09/18/2000 02:13:11;05:13:23.4960000;09/18/2000 07:26:35;10054;11;10
54;A2;R2;R2;09/18/2000 08:41:12;00:49:59.5460000;09/18/2000 09:31:11;10054;12;11
54;A2;R7;R2;09/18/2000 10:31:46;02:29:37.9790000;09/18/2000 13:01:24;10054;12;16
55;A1;R1;R1;04/11/2000 19:14:00;07:10:41.4770000;04/12/2000 02:24:41;10055;11;10
55;A1;R1;R7;04/12/2000 04:58:20;04:02:26.9980000;04/12/2000 09:00:47;10055;11;10
55;A1;R1;R1;04/12/2000 09:15:28;01:34:40.2870000;04/12/2000 10:50:08;10055;11;10
55;A2;R2;R2;04/12/2000 12:04:50;03:30:07.4880000;04/12/2000 15:34:57;10055;12;11
55;A1;R1;R1;04/12/2000 15:49:39;03:44:01.4840000;04/12/2000 19:33:41;10055;11;10
55;A2;R3;R3;04/12/2000 19:48:24;01:28:04.2900000;04/12/2000 21:16:29;10055;12;12
55;A1;R1;R1;04/12/2000 22:31:13;02:59:09.8160000;04/13/2000 01:30:23;10055;11;10
55;A1;R1;R1;04/13/2000 02:45:08;02:43:41.2270000;04/13/2000 05:28:50;10055;11;10
55;A2;R7;R3;04/13/2000 06:43:36;01:41:04.8840000;04/13/2000 08:24:41;10055;12;16
55;A2;R2;R4;04/13/2000 08:39:28;02:18:20.5890000;04/13/2000 10:57:49;10055;12;11
55;A1;R1;R1;04/13/2000 12:12:37;05:00:12.1170000;04/13/2000 17:12:50;10055;11;10
55;A1;R1;R1;04/13/2000 17:27:39;03:52:15.0080000;04/13/2000 21:19:54;10055;11;10
55;A2;R3;R7;04/13/2000 21:34:44;00:46:56.8730000;04/13/2000 22:21:41;10055;12;12
55;A1;R1;R1;04/13/2000 23:36:33;03:34:33.7730000;04/14/2000 03:11:07;10055;11;10
55;A1;R1;R1;04/14/2000 03:25:59;00:58:16.5990000;04/14/2000 04:24:16;10055;11;10
55;A2;R7;R3;04/14/2000 05:39:09;03:52:37.7820000;04/14/2000 09:31:47;10055;12;16
55;A1;R1;R7;04/14/2000 10:46:41;04:12:48.3650000;04/14/2000 14:59:30;10055;11;10
55;A1;R1;R1;04/14/2000 15:14:25;01:47:37.5140000;04/14/2000 17:02:03;10055;11;10
55;A2;R7;R3;04/14/2000 18:16:59;06:52:00.2280000;04/15/2000 01:08:59;10055;12;16
55;A2;R2;R2;04/15/2000 02:23:57;04:57:56.9730000;04/15/2000 07:21:54;10055;12;11
55;A2;R3;R2;04/15/2000 08:36:52;04:03:26.2550000;04/15/2000 12:40:18;10055;12;12
55;A2;R2;R7;04/15/2000 12:41:45;00:17:27.4970000;04/15/2000 12:59:12;10055;12;11
56;A1;R1;R1;07/11/2000 01:29:00;04:01:56.5920000;07/11/2000 05:30:56;10056;11;10
56;A1;R1;R1;07/11/2000 08:28:58;04:32:18.1360000;07/11/2000 13:01:16;10056;11;10
56;A1;R7;R1;07/11/2000 13:16:18;03:37:04.2560000;07/11/2000 16:53:22;10056;11;16
56;A2;R2;R4;07/11/2000 17:08:25;07:24:47.7760000;07/12/2000 00:33:13;10056;12;11
56;A1;R1;R7;07/12/2000 00:48:17;07:11:09.5610000;07/12/2000 07:59:27;10056;11;10
56;A1;R7;R1;07/12/2000 08:14:32;07:00:51.0150000;07/12/2000 15:15:23;10056;11;16
56;A1;R1;R1;07/12/2000 16:30:29;03:45:59.8380000;07/12/2000 20:16:29;10056;11;10
56;A1;R1;R1;07/12/2000 21:31:36;04:58:51.9420000;07/13/2000 02:30:28;10056;11;10
56;A2;R4;R2;07/13/2000 03:45:37;04:40:21.6010000;07/13/2000 08:25:58;10056;12;13
56;A1;R1;R1;07/13/2000 08:41:07;00:40:15.7020000;07/13/2000 09:21:23;10056;11;10
56;A2;R2;R2;07/13/2000 10:36:34;06:32:07.7840000;07/13/2000 17:08:41;10056;12;11
56;A2;R7;R4;07/13/2000 17:23:52;05:46:16.0960000;07/13/2000 23:10:08;10056;12;16
56;A2;R4;R2;07/14/2000 00:25:21;04:47:42.1480000;07/14/2000 05:13:03;10056;12;13
56;A1;R1;R1;07/14/2000 05:28:17;03:09:25.9080000;07/14/2000 08:37:43;10056;11;10
56;A2;R3;R4;07/14/2000 09:52:57;06:15:28.9050000;07/14/2000 16:08:26;10056;12;12
56;A1;R1;R1;07/14/2000 16:23:42;05:10:23.2920000;07/14/2000 21:34:05;10056;11;10
56;A2;R2;R7;07/14/2000 21:34:23;02:56:37.1550000;07/15/2000 00:31:00;10056;12;11
57;A1;R1;R1;09/20/2000 23:26:00;04:31:43.0950000;09/21/2000 03:57:43;10057;11;10
57;A2;R4;R7;09/21/2000 06:14:01;07:09:44.9710000;09/21/2000 13:23:46;10057;12;13
57;A2;R3;R2;09/21/2000 13:39:06;03:06:41.1150000;09/21/2000 16:45:47;10057;12;12
57;A2;R4;R7;09/21/2000 18:01:07;04:55:26.4430000;09/21/2000 22:56:34;10057;12;13
57;A1;R1;R1;09/21/2000 23:11:55;01:18:04.8490000;09/22/2000 00:30:00;10057;11;10
57;A1;R1;R1;09/22/2000 01:45:22;02:57:11.5050000;09/22/2000 04:42:34;10057;11;10
57;A1;R1;R1;09/22/2000 05:57:57;07:26:46.6970000;09/22/2000 13:24:44;10057;11;10
57;A1;R7;R7;09/22/2000 14:40:08;07:28:31.1980000;09/22/2000 22:08:39;10057;11;16
57;A2;R2;R3;09/22/2000 22:24:05;00:52:23.4860000;09/22/2000 23:16:28;10057;12;11
57;A1;R1;R1;09/22/2000 23:31:55;07:43:28.2740000;09/23/2000 07:15:23;10057;11;10
57;A1;R7;R7;09/23/2000 08:30:50;04:50:54.8510000;09/23/2000 13:21:45;10057;11;16
57;A1;R1;R1;09/23/2000 13:37:14;01:11:35.3020000;09/23/2000 14:48:49;10057;11;10
57;A2;R7;R7;09/23/2000 15:04:18;01:57:19.3070000;09/23/2000 17:01:38;10057;12;16
57;A2;R3;R2;09/23/2000 18:03:28;03:00:38.9350000;09/23/2000 21:04:07;10057;12;12
58;A1;R1;R1;09/09/2000 16:06:00;07:24:43.3590000;09/09/2000 23:30:43;10058;11;10
58;A2;R7;R3;09/10/2000 02:42:16;02:12:22.7290000;09/10/2000 04:54:38;10058;12;16
58;A1;R7;R1;09/10/2000 06:10:12;06:26:54.4830000;09/10/2000 12:37:06;10058;11;16
58;A1;R7;R1;09/10/2000 12:52:40;05:22:29.4090000;09/10/2000 18:15:10;10058;11;16
58;A2;R2;R4;09/10/2000 19:30:45;04:53:32.3760000;09/11/2000 00:24:18;10058;12;11
58;A1;R1;R1;09/11/2000 00:39:54;03:41:52.9750000;09/11/2000 04:21:47;10058;11;10
58;A1;R1;R1;09/11/2000 04:37:24;07:22:12.1300000;09/11/2000 11:59:36;10058;11;10
58;A2;R2;R2;09/11/2000 12:15:15;02:37:02.7390000;09/11/2000 14:52:18;10058;12;11
58;A2;R7;R3;09/11/2000 15:07:57;01:54:52.4840000;09/11/2000 17:02:49;10058;12;16
58;A2;R4;R3;09/11/2000 18:18:29;00:32:04.7900000;09/11/2000 18:50:34;10058;12;13
58;A1;R1;R1;09/11/2000 19:06:16;02:17:00.9960000;09/11/2000 21:23:17;10058;11;10
58;A1;R1;R1;09/11/2000 22:38:59;02:25:05.2680000;09/12/2000 01:04:05;10058;11;10
58;A2;R3;R2;09/12/2000 02:19:48;05:14:12.4450000;09/12/2000 07:34:01;10058;12;12
58;A2;R3;R3;09/12/2000 08:35:49;00:46:07.9680000;09/12/2000 09:21:56;10058;12;12
59;A1;R1;R1;08/11/2000 10:39:00;02:26:10.6100000;08/11/2000 13:05:10;10059;11;10
59;A2;R2;R2;08/11/2000 15:41:56;04:48:41.9070000;08/11/2000 20:30:38;10059;12;11
59;A1;R1;R7;08/11/2000 20:46:25;07:56:42.1780000;08/12/2000 04:43:07;10059;11;10
59;A1;R1;R1;08/12/2000 04:58:56;03:43:55.4930000;08/12/2000 08:42:51;10059;11;10
59;A2;R2;R3;08/12/2000 08:58:40;00:01:14.4570000;08/12/2000 08:59:55;10059;12;11
59;A2;R4;R7;08/12/2000 10:15:45;05:22:32.4510000;08/12/2000 15:38:18;10059;12;13
59;A1;R1;R1;08/12/2000 16:54:09;03:36:52.2440000;08/12/2000 20:31:02;10059;11;10
59;A1;R1;R1;08/12/2000 20:46:54;05:45:01.3110000;08/13/2000 02:31:55;10059;11;10
59;A1;R1;R1;08/13/2000 02:47:49;07:00:44.7720000;08/13/2000 09:48:34;10059;11;10
59;A1;R1;R1;08/13/2000 11:04:28;04:15:10.3010000;08/13/2000 15:19:38;10059;11;10
59;A1;R1;R1;08/13/2000 16:35:33;01:35:37.0250000;08/13/2000 18:11:10;10059;11;10
59;A2;R2;R7;08/13/2000 19:27:07;05:13:08.3080000;08/14/2000 00:40:15;10059;12;11
59;A2;R2;R2;08/14/2000 00:56:12;02:49:05.2320000;08/14/2000 03:45:17;10059;12;11
59;A1;R1;R1;08/14/2000 05:01:16;02:45:46.3200000;08/14/2000 07:47:02;10059;11;10
59;A1;R1;R1;08/14/2000 09:03:02;00:52:54.4270000;08/14/2000 09:55:56;10059;11;10
59;A1;R1;R7;08/14/2000 10:11:56;03:46:41.4590000;08/14/2000 13:58:38;10059;11;10
59;A1;R7;R1;08/14/2000 14:14:39;07:23:37.0820000;08/14/2000 21:38:16;10059;11;16
59;A2;R2;R2;08/14/2000 22:54:19;00:27:59.4020000;08/14/2000 23:22:18;10059;12;11
59;A1;R1;R1;08/14/2000 23:38:22;04:38:18.9250000;08/15/2000 04:16:41;10059;11;10
59;A1;R7;R1;08/15/2000 05:32:45;05:27:52.8080000;08/15/2000 11:00:38;10059;11;16
59;A2;R7;R2;08/15/2000 12:01:22;02:24:52.1910000;08/15/2000 14:26:14;10059;12;16
60;A1;R1;R1;11/10/2000 22:22:00;02:02:10.8720000;11/11/2000 00:24:10;10060;11;10
60;A1;R1;R1;11/11/2000 01:31:18;05:55:49.4080000;11/11/2000 07:27:07;10060;11;10
60;A1;R1;R1;11/11/2000 08:43:16;00:24:33.2720000;11/11/2000 09:07:49;10060;11;10
60;A1;R1;R1;11/11/2000 09:23:58;05:38:16.2640000;11/11/2000 15:02:15;10060;11;10
60;A2;R2;R3;11/11/2000 16:18:25;00:30:52.3390000;11/11/2000 16:49:17;10060;12;11
60;A1;R7;R7;11/11/2000 18:05:29;07:42:38.8940000;11/12/2000 01:48:08;10060;11;16
60;A1;R1;R1;11/12/2000 03:04:20;03:15:37.0460000;11/12/2000 06:19:57;10060;11;10
60;A1;R1;R1;11/12/2000 06:36:10;01:51:18.9650000;11/12/2000 08:27:29;10060;11;10
60;A1;R7;R7;11/12/2000 08:43:44;02:08:22.4320000;11/12/2000 10:52:06;10060;11;16
60;A1;R1;R7;11/12/2000 12:08:22;05:04:41.1020000;11/12/2000 17:13:03;10060;11;10
60;A2;R2;R4;11/12/2000 18:29:19;07:55:48.0770000;11/13/2000 02:25:07;10060;12;11
60;A1;R7;R1;11/13/2000 03:41:25;01:27:17.1760000;11/13/2000 05:08:42;10060;11;16
60;A1;R7;R1;11/13/2000 06:25:00;06:40:53.7270000;11/13/2000 13:05:54;10060;11;16
60;A1;R1;R1;11/13/2000 13:22:14;03:12:29.2660000;11/13/2000 16:34:43;10060;11;10
60;A2;R4;R7;11/13/2000 17:35:46;01:54:59.1170000;11/13/2000 19:30:45;10060;12;13
61;A1;R1;R1;03/01/2000 13:32:00;05:08:42.1820000;03/01/2000 18:40:42;10061;11;10
61;A1;R1;R1;03/01/2000 20:57:04;01:31:52.7340000;03/01/2000 22:28:56;10061;11;10
61;A1;R1;R1;03/01/2000 23:45:20;00:28:36.7200000;03/02/2000 00:13:56;10061;11;10
61;A2;R7;R7;03/02/2000 00:30:21;07:13:49.4530000;03/02/2000 07:44:10;10061;12;16
61;A1;R1;R1;03/02/2000 08:00:35;02:42:16.0200000;03/02/2000 10:42:51;10061;11;10
61;A2;R3;R2;03/02/2000 10:59:18;02:16:27.6750000;03/02/2000 13:15:46;10061;12;12
61;A1;R1;R1;03/02/2000 14:32:14;03:24:13.1650000;03/02/2000 17:56:27;10061;11;10
61;A1;R1;R1;03/02/2000 19:12:55;03:05:16.6880000;03/02/2000 22:18:12;10061;11;10
61;A2;R4;R7;03/02/2000 23:34:41;07:28:51.2150000;03/03/2000 07:03:32;10061;12;13
61;A2;R2;R2;03/03/2000 07:20:03;06:36:01.4560000;03/03/2000 13:56:04;10061;12;11
61;A1;R7;R1;03/03/2000 15:12:35;07:00:13.1100000;03/03/2000 22:12:49;10061;11;16
61;A1;R1;R7;03/03/2000 23:29:21;02:18:53.2830000;03/04/2000 01:48:15;10061;11;10
61;A2;R2;R4;03/04/2000 03:04:48;05:58:11.5990000;03/04/2000 09:03:00;10061;12;11
61;A1;R7;R1;03/04/2000 10:19:35;04:28:27.1970000;03/04/2000 14:48:02;10061;11;16
61;A1;R1;R1;03/04/2000 16:04:37;02:04:05.9900000;03/04/2000 18:08:43;10061;11;10
61;A2;R3;R3;03/04/2000 19:25:19;07:30:43.5790000;03/05/2000 02:56:03;10061;12;12
61;A1;R1;R1;03/05/2000 04:12:40;02:05:19.6280000;03/05/2000 06:17:59;10061;11;10
61;A1;R7;R1;03/05/2000 06:34:37;03:47:52.1430000;03/05/2000 10:22:29;10061;11;16
61;A2;R2;R7;03/05/2000 11:39:09;01:20:30.1410000;03/05/2000 12:59:39;10061;12;11
